TIPO_DOCUMENTO;NUMERO_DOCUMENTO;DATA_EMISSAO_NF;FORNECEDOR;CNPJ_FORNECEDOR;VALOR_BRUTO;DATA_PAGAMENTO;APROVADO_POR;STATUS;arquivo_origem;data_processamento;tem_anomalia;DATA_EMISSAO;DESCRICAO_SERVICO;BANCO_DESTINO;(DATA_PAGAMENTO == DATA_EMISSAO) ? DATA_EMISSAO : DATA_PAGAMENTO;HASH_VERIFICACAO;DATE;DATE_PAYMENT;APPROVED_BY;Fornecedor;Data_Emissao_NF;Data_Pagamento;.STATUS;DATE_PAGAMENTO; VALOR_BRUTO;NUMBER_DOCUMENTO;NUMERO.Documento;DATASET;FORNECEDOR_DATA;VALOR_BRUTO_DATA;ESTADO; STATUS;TIPO DOCUMENTO;NUMERO DOCUMENTO;DATA EMISSAO NF;CNPJ FORNECEDOR;VALOR BRUTO;DATA PAGAMENTO;APROVADO POR;DATA_EMISSAO_NF_original;DATA_PAGAMENTO_original;Tipo_documento;Número_documento;Data_emissao_nf;CNPJ_fornecedor;Valor_bruto;Data_pagamento;Aprovado_por;Status;DATA ПAGAMENTO
NOTA_FISCAL;NF-87397;28/01/2025;TechSoft Ltda;12345678000190;8500.0;07/02/2025;Maria Silva;PAGO;DOC_0001.txt;2026-04-22 00:45:14;False;;;;;;;;;;;;;;;;;;;;;;;;;;;;;;;;;;;;;;;
NOTA_FISCAL;NF-38893;05/04/2023;TechSoft Ltda;12345678000190;3500.0;13/04/2023;Carlos Mendes;CANCELADO;DOC_0002.txt;2026-04-22 00:45:17;True;06/04/2023;Implantação de Módulo;Caixa Ag.0023 C/C 44321-0;;;;;;;;;;;;;;;;;;;;;;;;;;;;;;;;;;;;
RECIBO;NF-54118;06/01/2023;Limpeza & Facilities;56789012000178;15000.0;01/02/2023;Ana Beatriz;PAGO;DOC_0003.txt;2026-04-22 00:45:19;True;;;;;;;;;;;;;;;;;;;;;;;;;;;;;;;;;;;;;;;
CONTRATO_ADITIVO;NF-59615;08/04/2023;TechSoft Ltda;12345678000190;10000.0;22/04/2023;Roberto Lima;PAGO;DOC_0004.txt;2026-04-22 00:45:22;True;;;;;;;;;;;;;;;;;;;;;;;;;;;;;;;;;;;;;;;
RECIBO;NF-20458;03/10/2024;Limpeza & Facilities;56789012000178;85000.0;25/10/2024;Maria Silva;PAGO;DOC_0005.txt;2026-04-22 00:45:24;False;;;;;;;;;;;;;;;;;;;;;;;;;;;;;;;;;;;;;;;
NOTA_FISCAL;NF-97841;25/01/2024;DataCenter Cloud SA;23456789000112;12000.0;;Ana Beatriz;PAGO;DOC_0006.txt;2026-04-22 00:45:27;True;;;;22/01/2024;;;;;;;;;;;;;;;;;;;;;;;;;;;;;;;;;;;
NOTA_FISCAL;NF-99733;29/06/2024;TechSoft Ltda;12345678000190;6000.0;24/07/2024;Roberto Lima;PAGO;DOC_0007.txt;2026-04-22 00:45:29;True;;;;;;;;;;;;;;;;;;;;;;;;;;;;;;;;;;;;;;;
NOTA_FISCAL;NF-37869;31/01/2023;TechSoft Ltda;12345678000190;15000.0;28/02/2023;Maria Silva;PENDENTE;DOC_0008.txt;2026-04-22 00:45:32;False;;;;;;;;;;;;;;;;;;;;;;;;;;;;;;;;;;;;;;;
CONTRATO_ADITIVO;NF-86622;19/10/2024;Marketing Digital Pro;45678901000156;100000.0;04/11/2024;Carlos Mendes;PAGO;DOC_0009.txt;2026-04-22 00:45:34;True;;;;;;;;;;;;;;;;;;;;;;;;;;;;;;;;;;;;;;;
CONTRATO_ADITIVO;NF-92240;05/01/2024;Limpeza & Facilities;56789012000178;19500.0;14/01/2024;Maria Silva;PAGO;DOC_0010.txt;2026-04-22 00:45:37;False;;;;;;;;;;;;;;;;;;;;;;;;;;;;;;;;;;;;;;;
NOTA_FISCAL;NF-99166;26/01/2024;Marketing Digital Pro;45678901000156;19500.0;12/02/2024;Ana Beatriz;PAGO;DOC_0011.txt;2026-04-22 00:45:39;True;;;;;;;;;;;;;;;;;;;;;;;;;;;;;;;;;;;;;;;
RECIBO;NF-10425;24/02/2025;TechSoft Ltda;12345678000190;4200.0;19/03/2025;Roberto Lima;ESTORNADO;DOC_0012.txt;2026-04-22 00:45:42;True;26/02/2025;;;;;;;;;;;;;;;;;;;;;;;;;;;;;;;;;;;;;;
NOTA_FISCAL;NF-59009;03/06/2024;Consultoria RH Parceiros;34567890000134;10000.0;03/07/2024;Fernanda Costa;PAGO;DOC_0013.txt;2026-04-22 00:45:44;True;;;;;;;;;;;;;;;;;;;;;;;;;;;;;;;;;;;;;;;
NOTA_FISCAL;NF-17592;02/09/2024;DataCenter Cloud SA;23456789000112;3500.0;16/09/2024;Ana Beatriz;PAGO;DOC_0014.txt;2026-04-22 00:45:47;True;;;;;;;;;;;;;;;;;;;;;;;;;;;;;;;;;;;;;;;
NOTA_FISCAL;NF-82063;26/03/2023;Limpeza & Facilities;56789012000178;4200.0;22/04/2023;Carlos Mendes;ESTORNADO;DOC_0015.txt;2026-04-22 00:45:49;True;;;;;;;;;;;;;;;;;;;;;;;;;;;;;;;;;;;;;;;
CONTRATO_ADITIVO;NF-77839;01/08/2023;Consultoria RH Parceiros;34567890000134;8500.0;04/09/2023;Roberto Lima;ESTORNADO;DOC_0016.txt;2026-04-22 00:45:52;True;;;;;;;;;;;;;;;;;;;;;;;;;;;;;;;;;;;;;;;
NOTA_FISCAL;NF-10942;17/08/2023;TechSoft Ltda;12345678000190;3500.0;22/08/2023;Fernanda Costa;PAGO;DOC_0017.txt;2026-04-22 00:45:54;True;;;;;;;;;;;;;;;;;;;;;;;;;;;;;;;;;;;;;;;
NOTA_FISCAL;NF-97684;11/03/2023;TechSoft Ltda;12345678000190;12000.0;09/04/2023;Fernanda Costa;PAGO;DOC_0018.txt;2026-04-22 00:45:56;True;;;;;;;;;;;;;;;;;;;;;;;;;;;;;;;;;;;;;;;
NOTA_FISCAL;NF-22363;06/01/2025;DataCenter Cloud SA;23456789000112;19.5;09/02/2025;Roberto Lima;PAGO;DOC_0019.txt;2026-04-22 00:46:04;True;;;;;;;;;;;;;;;;;;;;;;;;;;;;;;;;;;;;;;;
FATURA;NF-24322;06/03/2024;Marketing Digital Pro;45678901000156;3500.0;23/03/2024;Maria Silva;PENDENTE;DOC_0020.txt;2026-04-22 00:46:06;False;;;;;;;;;;;;;;;;;;;;;;;;;;;;;;;;;;;;;;;
NOTA_FISCAL;NF-19880;02/07/2024;DataCenter Cloud SA;23456789000112;15000.0;18/07/2024;Ana Beatriz;PAGO;DOC_0021.txt;2026-04-22 00:46:09;True;;;;;;;;;;;;;;;;;;;;;;;;;;;;;;;;;;;;;;;
NOTA_FISCAL;NF-73653;17/02/2023;Limpeza & Facilities;56789012000178;33500.0;14/03/2023;Carlos Mendes;CANCELADO;DOC_0022.txt;2026-04-22 00:46:16;True;;;;;;;;;;;;;;;;;;;;;;;;;;;;;;;;;;;;;;;
CONTRATO_ADITIVO;NF-65444;27/02/2023;DataCenter Cloud SA;23456789000112;3500.0;08/03/2023;Ana Beatriz;PAGO;DOC_0023.txt;2026-04-22 00:46:19;True;;;;;;;;;;;;;;;;;;;;;;;;;;;;;;;;;;;;;;;
NOTA_FISCAL;NF-51104;06/06/2023;Limpeza & Facilities;56789012000178;8500.0;15/06/2023;Fernanda Costa;PAGO;DOC_0024.txt;2026-04-22 00:46:21;True;08/06/2023;Limpeza Predial;Caixa Ag.0023 C/C 44321-0;;NLC0024159942;;;;;;;;;;;;;;;;;;;;;;;;;;;;;;;;;;
NOTA_FISCAL;NF-18981;25/05/2024;TechSoft Ltda;12345678000190;6000.0;28/06/2024;Fernanda Costa;PAGO;DOC_0025.txt;2026-04-22 00:46:29;True;;Licença de Software ERP;Itaú Ag.5678 C/C 12345-6;;;;;;;;;;;;;;;;;;;;;;;;;;;;;;;;;;;;
NOTA_FISCAL;NF-64948;14/02/2024;TechSoft Ltda;12345678000190;8500.0;22/02/2024;Fernanda Costa;PAGO;DOC_0026.txt;2026-04-22 00:46:31;True;;;;;;;;;;;;;;;;;;;;;;;;;;;;;;;;;;;;;;;
FATURA;NF-98039;20/09/2023;Limpeza & Facilities;56789012000178;12000.0;02/10/2023;Ana Beatriz;PAGO;DOC_0027.txt;2026-04-22 00:46:39;True;;;;;;;;;;;;;;;;;;;;;;;;;;;;;;;;;;;;;;;
NOTA_FISCAL;NF-19602;20/11/2023;Consultoria RH Parceiros;34567890000134;3500.0;20/12/2023;Fernanda Costa;PAGO;DOC_0028.txt;2026-04-22 00:46:41;True;;;;;;;;;;;;;;;;;;;;;;;;;;;;;;;;;;;;;;;
RECIBO;NF-67433;14/05/2023;DataCenter Cloud SA;23456789000112;4200.0;15/06/2023;Ana Beatriz;PAPO;DOC_0029.txt;2026-04-22 00:46:48;True;;;;;;;;;;;;;;;;;;;;;;;;;;;;;;;;;;;;;;;
RECIBO;NF-44664;13/09/2024;Limpeza & Facilities;56789012000178;3500.0;14/10/2024;Ana Beatriz;PAGO;DOC_0030.txt;2026-04-22 00:46:51;True;;;;;;;;;;;;;;;;;;;;;;;;;;;;;;;;;;;;;;;
NOTA_FISCAL;NF-42914;02/10/2023;TechSoft Ltda;12345678000190;8500.0;16/10/2023;Carlos Mendes;ESTORNADO;DOC_0031.txt;2026-04-22 00:46:53;True;;;;;;;;;;;;;;;;;;;;;;;;;;;;;;;;;;;;;;;
NOTA_FISCAL;NF-31178;09/10/2024;TechSoft Ltda;12345678000190;3500.0;25/10/2024;Ana Beatriz;PAGO;DOC_0032.txt;2026-04-22 00:47:01;True;;;;;;;;;;;;;;;;;;;;;;;;;;;;;;;;;;;;;;;
CONTRATO_ADITIVO;NF-86350;28/07/2024;Marketing Digital Pro;45678901000156;4200.0;29/07/2024;Fernanda Costa;PENDENTE;DOC_0033.txt;2026-04-22 00:47:03;True;;;;;;;;;;;;;;;;;;;;;;;;;;;;;;;;;;;;;;;
CONTRATO_ADITIVO;NF-97416;09/05/2023;DataCenter Cloud SA;23456789000112;12000.0;13/05/2023;Ana Beatriz;PAGO;DOC_0034.txt;2026-04-22 00:47:11;True;;;;;;;;;;;;;;;;;;;;;;;;;;;;;;;;;;;;;;;
CONTRATO_ADITIVO;NF-33509;2024-09-26;Consultoria RH Parceiros;34567890000134;850000.0;2024-10-21;Carlos Mendes;PAGO;DOC_0035.txt;2026-04-22 00:47:13;True;;Treinamento Corporativo;;;;;;;;;;;;;;;;;;;;;;;;;;;;;;;;;;;;;
CONTRATO_ADITIVO;NF-15075;16/11/2024;Consultoria RH Parceiros;34567890000134;8500.0;14/12/2024;Carlos Mendes;CANCELADO;DOC_0036.txt;2026-04-22 00:47:15;True;11/11/2024;Avaliação de Desempenho;Itaú Ag.5678 C/C 12345-6;;;;;;;;;;;;;;;;;;;;;;;;;;;;;;;;;;;;
NOTA_FISCAL;NF-53025;2024-04-14;DataCenter Cloud SA;23456789000112;850000.0;2024-04-28;Maria Silva;CANCELADO;DOC_0037.txt;2026-04-22 00:47:23;True;;;;;;;;;;;;;;;;;;;;;;;;;;;;;;;;;;;;;;;
RECIBO;NF-44237;26/12/2023;TechSoft Ltda;12345678000190;15000.0;16/01/2024;Ana Beatriz;PAGO;DOC_0038.txt;2026-04-22 00:47:26;True;;;;;;;;;;;;;;;;;;;;;;;;;;;;;;;;;;;;;;;
RECIBO;NF-60488;05/02/2023;Limpeza & Facilities;56789012000178;1500000.0;13/02/2023;Ana Beatriz;PAGO;DOC_0039.txt;2026-04-22 00:47:33;True;;;;;;;;;;;;;;;;;;;;;;;;;;;;;;;;;;;;;;;
RECIBO;NF-66531;12/02/2023;DataCenter Cloud SA;23456789000112;3500.0;10/03/2023;Fernanda Costa;PENDENTE;DOC_0040.txt;2026-04-22 00:47:35;True;;;;;NLC0040173372;;;;;;;;;;;;;;;;;;;;;;;;;;;;;;;;;;
FATURA;NF-62743;10/11/2024;Consultoria RH Parceiros;34567890000134;10000.0;08/12/2024;Ana Beatriz;PENDENTE;DOC_0041.txt;2026-04-22 00:47:43;True;;;;;;;;;;;;;;;;;;;;;;;;;;;;;;;;;;;;;;;
NOTA_FISCAL;NF-63225;11/07/2023;Consultoria RH Parceiros;34567890000134;15000.0;30/07/2023;Fernanda Costa;PAGO;DOC_0042.txt;2026-04-22 00:47:46;True;;;;;;;;;;;;;;;;;;;;;;;;;;;;;;;;;;;;;;;
RECIBO;NF-77000;18/10/2023;TechSoft Ltda;12345678000190;12000.0;28/10/2023;Roberto Lima;PAGO;DOC_0043.txt;2026-04-22 00:47:48;True;;;;;;;;;;;;;;;;;;;;;;;;;;;;;;;;;;;;;;;
NOTA_FISCAL;NF-36100;13/10/2023;DataCenter Cloud SA;23456789000112;12000.0;04/11/2023;Carlos Mendes;PAGO;DOC_0044.txt;2026-04-22 00:47:55;True;;;;;;;;;;;;;;;;;;;;;;;;;;;;;;;;;;;;;;;
NOTA_FISCAL;NF-60328;04/09/2023;TechSoft Ltda;12345678000190;4200.0;24/09/2023;Roberto Lima;PAGO;DOC_0045.txt;2026-04-22 00:47:58;True;;;;;;;;;;;;;;;;;;;;;;;;;;;;;;;;;;;;;;;
NOTA_FISCAL;NF-77889;27/05/2023;Marketing Digital Pro;45678901000156;3500.0;22/06/2023;Roberto Lima;PAGO;DOC_0046.txt;2026-04-22 00:48:00;True;;;;;;;;;;;;;;;;;;;;;;;;;;;;;;;;;;;;;;;
NOTA_FISCAL;NF-68008;04/05/2023;TechSoft Ltda;12345678000190;195000.0;20/05/2023;Fernanda Costa;PENDENTE;DOC_0047.txt;2026-04-22 00:48:08;True;;;;;;;;;;;;;;;;;;;;;;;;;;;;;;;;;;;;;;;
CONTRATO_ADITIVO;NF-78327;14/07/2024;Limpeza & Facilities;56789012000178;19500.0;30/07/2024;Ana Beatriz;PAGO;DOC_0048.txt;2026-04-22 00:48:10;True;15/07/2024;Jardinagem e Áreas Verdes;Banco do Brasil Ag.1234 C/C 56789-0;;;;;;;;;;;;;;;;;;;;;;;;;;;;;;;;;;;;
RECIBO;NF-80798;21/03/2024;DataCenter Cloud SA;23456789000112;10000.0;29/03/2024;Ana Beatriz;PENDENTE;DOC_0049.txt;2026-04-22 00:48:18;True;;;;;;;;;;;;;;;;;;;;;;;;;;;;;;;;;;;;;;;
NOTA_FISCAL;NF-53369;20/08/2023;DataCenter Cloud SA;23456789000112;6000.0;07/09/2023;Maria Silva;CANCELADO;DOC_0050.txt;2026-04-22 00:48:20;True;;;;;;;;;;;;;;;;;;;;;;;;;;;;;;;;;;;;;;;
CONTRATO_ADITIVO;NF-72518;02/03/2023;Marketing Digital Pro;45678901000156;15000.0;12/03/2023;Maria Silva;CANCELADO;DOC_0051.txt;2026-04-22 00:48:23;True;;;;;;;;;;;;;;;;;;;;;;;;;;;;;;;;;;;;;;;
RECIBO;NF-73654;07/02/2025;Consultoria RH Parceiros;34567890000134;8500.0;23/02/2025;Carlos Mendes;CANCELADO;DOC_0052.txt;2026-04-22 00:48:30;True;;;;;;;;;;;;;;;;;;;;;;;;;;;;;;;;;;;;;;;
FATURA;NF-61645;12/11/2024;Marketing Digital Pro;45678901000156;6000.0;07/12/2024;Carlos Mendes;PAGO;DOC_0053.txt;2026-04-22 00:48:33;True;;SEO e Analytics;;;;;;;;;;;;;;;;;;;;;;;;;;;;;;;;;;;;;
NOTA_FISCAL;NF-59689;24/03/2023;Limpeza & Facilities;56789012000178;600000.0;17/04/2023;Carlos Mendes;PAGO;DOC_0054.txt;2026-04-22 00:48:40;True;;;;;;;;;;;;;;;;;;;;;;;;;;;;;;;;;;;;;;;
NOTA_FISCAL;NF-12540;28/11/2023;DataCenter Cloud SA;23456789000112;10000.0;12/12/2023;Ana Beatriz;ESTORNADO;DOC_0055.txt;2026-04-22 00:48:43;True;;;;;;;;;;;;;;;;;;;;;;;;;;;;;;;;;;;;;;;
NOTA_FISCAL;NF-12671;20/12/2023;Limpeza & Facilities;56789012000178;4200.0;02/01/2024;Maria Silva;PAGO;DOC_0056.txt;2026-04-22 00:48:45;False;;;;;;;;;;;;;;;;;;;;;;;;;;;;;;;;;;;;;;;
NOTA_FISCAL;NF-58351;05/05/2023;DataCenter Cloud SA;23456789000112;42000.0;26/05/2023;Carlos Mendes;PAGO;DOC_0057.txt;2026-04-22 00:48:53;True;;;;;;;;;;;;;;;;;;;;;;;;;;;;;;;;;;;;;;;
NOTA_FISCAL;NF-85470;06/03/2025;Limpeza & Facilities;56789012000178;10000.0;03/04/2025;Fernanda Costa;PAGO;DOC_0058.txt;2026-04-22 00:48:55;True;;;;;;;;;;;;;;;;;;;;;;;;;;;;;;;;;;;;;;;
CONTRATO_ADITIVO;NF-84177;02/01/2025;Marketing Digital Pro;45678901000156;8500.0;09/01/2025;Ana Beatriz;PAGO;DOC_0059.txt;2026-04-22 00:48:58;True;02/01/2025;;Caixa Ag.0023 C/C 44321-0;;NLC0059920652;;;;;;;;;;;;;;;;;;;;;;;;;;;;;;;;;;
FATURA;NF-65057;2024-06-24;TechSoft Ltda;12345678000190;1200000.0;2024-07-13;Fernanda Costa;PAGO;DOC_0060.txt;2026-04-22 00:49:05;True;;;;;;;;;;;;;;;;;;;;;;;;;;;;;;;;;;;;;;;
NOTA_FISCAL;NF-90728;14/03/2024;Marketing Digital Pro;45678901000156;19500.0;31/03/2024;Roberto Lima;PAGO;DOC_0061.txt;2026-04-22 00:49:08;True;;;;;;;;;;;;;;;;;;;;;;;;;;;;;;;;;;;;;;;
NOTA_FISCAL;NF-69087;16/04/2024;Limpeza & Facilities;56789012000178;10000.0;05/05/2024;Carlos Mendes;PAGO;DOC_0062.txt;2026-04-22 00:49:15;True;;;;;;;;;;;;;;;;;;;;;;;;;;;;;;;;;;;;;;;
CONTRATO_ADITIVO;NF-43862;08/12/2023;Marketing Digital Pro;45678901000156;12000.0;12/12/2023;Roberto Lima;PENDENTE;DOC_0063.txt;2026-04-22 00:49:17;True;;;;;;;;;;;;;;;;;;;;;;;;;;;;;;;;;;;;;;;
RECIBO;NF-82768;19/07/2024;Consultoria RH Parceiros;34567890000134;8500.0;24/07/2024;Carlos Mendes;ESTORNADO;DOC_0064.txt;2026-04-22 00:49:25;True;23/07/2024;Recrutamento e Seleção;Santander Ag.3456 C/C 78901-2;;;;;;;;;;;;;;;;;;;;;;;;;;;;;;;;;;;;
NOTA_FISCAL;NF-63005;20/10/2024;DataCenter Cloud SA;23456789000112;19500.0;15/11/2024;Maria Silva;PAGO;DOC_0065.txt;2026-04-22 00:49:27;False;;;;;;;;;;;;;;;;;;;;;;;;;;;;;;;;;;;;;;;
RECIBO;NF-82140;08/11/2024;DataCenter Cloud SA;23456789000112;19500.0;29/11/2024;Fernanda Costa;CANCELADO;DOC_0066.txt;2026-04-22 00:49:30;True;;;;;;;;;;;;;;;;;;;;;;;;;;;;;;;;;;;;;;;
NOTA_FISCAL;NF-80236;03/10/2023;Consultoria RH Parceiros;34567890000134;8500.0;15/10/2023;Carlos Mendes;PAGO;DOC_0067.txt;2026-04-22 00:49:37;True;;;;;;;;;;;;;;;;;;;;;;;;;;;;;;;;;;;;;;;
NOTA_FISCAL;NF-23176;07/08/2023;DataCenter Cloud SA;23456789000112;10000.0;03/09/2023;Fernanda Costa;PAGO;DOC_0068.txt;2026-04-22 00:49:40;True;;;;;;;;;;;;;;;;;;;;;;;;;;;;;;;;;;;;;;;
RECIBO;NF-15965;20/08/2023;DataCenter Cloud SA;23456789000112;10000.0;02/09/2023;Fernanda Costa;PAGO;DOC_0069.txt;2026-04-22 00:49:47;True;;Hospedagem Cloud;Banco do Brasil Ag.1234 C/C 56789-0;;;;;;;;;;;;;;;;;;;;;;;;;;;;;;;;;;;;
RECIBO;NF-71524;15/12/2024;Limpeza & Facilities;56789012000178;19500.0;20/12/2024;Maria Silva;PAGO;DOC_0070.txt;2026-04-22 00:49:50;False;;;;;;;;;;;;;;;;;;;;;;;;;;;;;;;;;;;;;;;
FATURA;NF-19710;06/07/2023;Marketing Digital Pro;45678901000156;19500.0;10/07/2023;Maria Silva;ESTORNADO;DOC_0071.txt;2026-04-22 00:49:57;False;;;;;;;;;;;;;;;;;;;;;;;;;;;;;;;;;;;;;;;
NOTA_FISCAL;NF-89471;29/05/2023;TechSoft Ltda;12345678000190;10000.0;28/06/2023;Carlos Mendes;CANCELADO;DOC_0072.txt;2026-04-22 00:49:59;True;;;;;;;;;;;;;;;;;;;;;;;;;;;;;;;;;;;;;;;
NOTA_FISCAL;NF-50026;02/03/2025;Limpeza & Facilities;56789012000178;19500.0;22/03/2025;Ana Beatriz;CANCELADO;DOC_0073.txt;2026-04-22 00:50:02;True;;;;;;;;;;;;;;;;;;;;;;;;;;;;;;;;;;;;;;;
NOTA_FISCAL;NF-41439;16/09/2024;Limpeza & Facilities;56789012000178;8500.0;10/10/2024;Ana Beatriz;PAGO;DOC_0074.txt;2026-04-22 00:50:10;True;;;;;;;;;;;;;;;;;;;;;;;;;;;;;;;;;;;;;;;
NOTA_FISCAL;NF-40340;07/06/2023;Limpeza & Facilities;56789012000178;19500.0;11/06/2023;Roberto Lima;PAGO;DOC_0075.txt;2026-04-22 00:50:12;True;;;;;;;;;;;;;;;;;;;;;;;;;;;;;;;;;;;;;;;
NOTA_FISCAL;NF-81376;14/03/2023;Consultoria RH Parceiros;34567890000134;10000.0;05/04/2023;Carlos Mendes;PAGO;DOC_0076.txt;2026-04-22 00:50:14;True;;;;;;;;;;;;;;;;;;;;;;;;;;;;;;;;;;;;;;;
RECIBO;NF-67560;26/05/2023;DataCenter Cloud SA;23456789000112;6000.0;29/05/2023;Fernanda Costa;PAGO;DOC_0077.txt;2026-04-22 00:50:22;True;;;;;;;;;;;;;;;;;;;;;;;;;;;;;;;;;;;;;;;
RECIBO;NF-66626;15/12/2024;Marketing Digital Pro;45678901000156;19500.0;30/12/2024;Maria Silva;PAGO;DOC_0078.txt;2026-04-22 00:50:24;False;17/12/2024;SEO e Analytics;;;;;;;;;;;;;;;;;;;;;;;;;;;;;;;;;;;;;
RECIBO;NF-71669;26/01/2023;Consultoria RH Parceiros;34567890000134;3500.0;30/01/2023;Fernanda Costa;PAGO;DOC_0079.txt;2026-04-22 00:50:32;True;;;;;;;;;;;;;;;;;;;;;;;;;;;;;;;;;;;;;;;
RECIBO;NF-53687;02/07/2023;Marketing Digital Pro;45789010001156;1950000.0;24/07/2023;Roberto Lima;CANCELADO;DOC_0080.txt;2026-04-22 00:50:34;True;;;;;;;;;;;;;;;;;;;;;;;;;;;;;;;;;;;;;;;
NOTA_FISCAL;NF-69614;29/11/2023;TechSoft Ltda;12345678000190;19500.0;18/12/2023;Roberto Lima;PAGO;DOC_0081.txt;2026-04-22 00:50:36;True;;;;;;;;;;;;;;;;;;;;;;;;;;;;;;;;;;;;;;;
RECIBO;NF-34586;25/11/2023;Consultoria RH Parceiros;34567890000134;3500.0;02/12/2023;Roberto Lima;PAGO;DOC_0082.txt;2026-04-22 00:50:44;True;;;;;;;;;;;;;;;;;;;;;;;;;;;;;;;;;;;;;;;
NOTA_FISCAL;NF-67424;02/10/2024;Consultoria RH Parceiros;34567890000134;8500.0;17/10/2024;Fernanda Costa;PAGO;DOC_0083.txt;2026-04-22 00:50:46;True;;;;;;;;;;;;;;;;;;;;;;;;;;;;;;;;;;;;;;;
NOTA_FISCAL;NF-82384;26/01/2023;Marketing Digital Pro;45678901000156;8500.0;20/02/2023;Ana Beatriz;PAGO;DOC_0084.txt;2026-04-22 00:50:54;True;;;;;;;;;;;;;;;;;;;;;;;;;;;;;;;;;;;;;;;
NOTA_FISCAL;NF-64459;27/04/2023;TechSoft Ltda;12345678000190;6000.0;12/05/2023;Ana Beatriz;PAGO;DOC_0085.txt;2026-04-22 00:50:56;True;;;;;;;;;;;;;;;;;;;;;;;;;;;;;;;;;;;;;;;
NOTA_FISCAL;NF-19150;03/09/2023;Marketing Digital Pro;45678901000156;600000.0;22/09/2023;Carlos Mendes;PAGO;DOC_0086.txt;2026-04-22 00:50:59;True;;;;;;;;;;;;;;;;;;;;;;;;;;;;;;;;;;;;;;;
FATURA;NF-29476;15/03/2025;Marketing Digital Pro;45678901000156;3500.0;03/04/2025;Ana Beatriz;ESTORNADO;DOC_0087.txt;2026-04-22 00:51:06;True;;;;;;;;;;;;;;;;;;;;;;;;;;;;;;;;;;;;;;;
NOTA_FISCAL;NF-84946;16/12/2023;Limpeza & Facilities;56789012000178;15000.0;31/12/2023;Ana Beatriz;PAGO;DOC_0088.txt;2026-04-22 00:51:09;True;;;;;;;;;;;;;;;;;;;;;;;;;;;;;;;;;;;;;;;
RECIBO;REC-08900;22/03/2024;Marketing Digital Pro;45678901000156;6000.0;25/03/2024;Roberto Lima;PAG;DOC_0089.txt;2026-04-22 00:51:11;True;22/03/2024;;;;;;;;;;;;;;;;;;;;;;;;;;;;;;;;;;;;;;
FATURA;NF-63736;13/04/2023;Limpeza & Facilities;56789012000178;4200.0;11/05/2023;Roberto Lima;PAGO;DOC_0090.txt;2026-04-22 00:51:19;True;;;;;;;;;;;;;;;;;;;;;;;;;;;;;;;;;;;;;;;
NOTA_FISCAL;NF-98389;23/04/2024;DataCenter Cloud SA;23456789000112;12000.0;21/05/2024;Roberto Lima;PENDENTE;DOC_0091.txt;2026-04-22 00:51:21;True;;;;;;;;;;;;;;;;;;;;;;;;;;;;;;;;;;;;;;;
FATURA;NF-39817;30/09/2024;Marketing Digital Pro;45678901000156;3500.0;26/10/2024;Maria Silva;PAGO;DOC_0092.txt;2026-04-22 00:51:29;False;;Email Marketing;Banco do Brasil Ag.1234 C/C 56789-0;;;;;;;;;;;;;;;;;;;;;;;;;;;;;;;;;;;;
CONTRATO_ADITIVO;NF-16028;06/04/2023;TechSoft Ltda;12345678000190;4200.0;06/05/2023;Carlos Mendes;PAGO;DOC_0093.txt;2026-04-22 00:51:31;True;;;;;;;;;;;;;;;;;;;;;;;;;;;;;;;;;;;;;;;
RECIBO;NF-32280;31/12/2023;TechSoft Ltda;12345678000190;600000.0;15/01/2024;Fernanda Costa;Pago;DOC_0094.txt;2026-04-22 00:51:39;True;;;;;;;;;;;;;;;;;;;;;;;;;;;;;;;;;;;;;;;
CONTRATO_ADITIVO;NF-93611;2024-09-25;TechSoft Ltda;12345678000190;19500.0;2024-10-18;Carlos Mendes;ESTORNADO;DOC_0095.txt;2026-04-22 00:51:41;True;;;;;;;;;;;;;;;;;;;;;;;;;;;;;;;;;;;;;;;
RECIBO;NF-55293;10/11/2024;Marketing Digital Pro;45678901000156;10000.0;14/11/2024;Carlos Mendes;ESTORNADO;DOC_0096.txt;2026-04-22 00:51:44;True;;Email Marketing;Itaú Ag.5678 C/C 12345-6;;;;;;;;;;;;;;;;;;;;;;;;;;;;;;;;;;;;
CONTRATO_ADITIVO;NF-41091;07/12/2024;Consultoria RH Parceiros;34567890000134;1000000.0;16/12/2024;Roberto Lima;PAGO;DOC_0097.txt;2026-04-22 00:51:51;True;04/12/2024;Treinamento Corporativo;;;;;;;;;;;;;;;;;;;;;;;;;;;;;;;;;;;;;
FATURA;NF-84177;06/08/2024;Limpeza & Facilities;56789012000178;10000.0;21/08/2024;Roberto Lima;PAGO;DOC_0098.txt;2026-04-22 00:51:53;True;;;;;;;;;;;;;;;;;;;;;;;;;;;;;;;;;;;;;;;
NOTA_FISCAL;NF-98835;20/10/2023;TechSoft Ltda;12345678000190;12000.0;15/11/2023;Carlos Mendes;PAGO;DOC_0099.txt;2026-04-22 00:51:56;True;;;;;;;;;;;;;;;;;;;;;;;;;;;;;;;;;;;;;;;
NOTA_FISCAL;NF-27224;04/10/2024;DataCenter Cloud SA;23456789000112;10000.0;25/10/2024;Maria Silva;PENDENTE;DOC_0100.txt;2026-04-22 00:52:03;False;;;;;;;;;;;;;;;;;;;;;;;;;;;;;;;;;;;;;;;
FATURA;NF-31567;03/02/2025;Consultoria RH Parceiros;34567890000134;8500.0;18/02/2025;Fernanda Costa;PAGO;DOC_0101.txt;2026-04-22 00:52:06;True;;;;;;;;;;;;;;;;;;;;;;;;;;;;;;;;;;;;;;;
RECIBO;NF-98647;01/02/2025;Marketing Digital Pro;45678901000156;4200.0;03/03/2025;Maria Silva;PAGO;DOC_0102.txt;2026-04-22 00:52:13;False;03/02/2025;SEO e Analytics;;;;;;;;;;;;;;;;;;;;;;;;;;;;;;;;;;;;;
FATURA;NF-58311;31/03/2023;Marketing Digital Pro;45678901000156;3500.0;29/04/2023;Fernanda Costa;ESTORNADO;DOC_0103.txt;2026-04-22 00:52:16;True;;;;;;;;;;;;;;;;;;;;;;;;;;;;;;;;;;;;;;;
CONTRATO_ADITIVO;NF-89964;15/10/2024;Consultoria RH Parceiros;34567890000134;8500.0;27/10/2024;Maria Silva;PENDENTE;DOC_0104.txt;2026-04-22 00:52:18;False;15/10/2024;Headhunting Executivo;Caixa Ag.0023 C/C 44321-0;;;;;;;;;;;;;;;;;;;;;;;;;;;;;;;;;;;;
NOTA_FISCAL;NF-49893;13/12/2024;TechSoft Ltda;12345678000190;15000.0;28/12/2024;Carlos Mendes;PAGO;DOC_0105.txt;2026-04-22 00:52:26;True;;;;;;;;;;;;;;;;;;;;;;;;;;;;;;;;;;;;;;;
NOTA_FISCAL;NF-86983;25/08/2023;TechSoft Ltda;12345678000190;600000.0;27/09/2023;Roberto Lima;CANCELADO;DOC_0106.txt;2026-04-22 00:52:28;True;;;;;;;;;;;;;;;;;;;;;;;;;;;;;;;;;;;;;;;
CONTRATO_ADITIVO;NF-68115;29/10/2024;DataCenter Cloud SA;23456789000112;15000.0;05/11/2024;Maria Silva;PAGO;DOC_0107.txt;2026-04-22 00:52:36;False;;;;;;;;;;;;;;;;;;;;;;;;;;;;;;;;;;;;;;;
FATURA;NF-26011;10/04/2023;DataCenter Cloud SA;23456789000112;12000.0;04/05/2023;Roberto Lima;PAGO;DOC_0108.txt;2026-04-22 00:52:38;True;;;;;;;;;;;;;;;;;;;;;;;;;;;;;;;;;;;;;;;
NOTA_FISCAL;NF-84000;04/11/2024;Marketing Digital Pro;45678901000156;3500.0;16/11/2024;Ana Beatriz;PAGO;DOC_0109.txt;2026-04-22 00:52:41;True;;;;;;;;;;;;;;;;;;;;;;;;;;;;;;;;;;;;;;;
NOTA_FISCAL;NF-28964;22/08/2024;TechSoft Ltda;12345678000190;12000.0;30/08/2024;Fernanda Costa;PAGO;DOC_0110.txt;2026-04-22 00:52:48;True;;;;;;;;;;;;;;;;;;;;;;;;;;;;;;;;;;;;;;;
RECIBO;NF-87182;28/03/2025;Limpeza & Facilities;56789012000178;3500.0;03/04/2025;Maria Silva;PAGO;DOC_0111.txt;2026-04-22 00:52:51;False;;;;;;;;;;;;;;;;;;;;;;;;;;;;;;;;;;;;;;;
NOTA_FISCAL;NF-68756;28/09/2023;TechSoft Ltda;12345678000190;15000.0;01/10/2023;Maria Silva;ESTORNADO;DOC_0112.txt;2026-04-22 00:52:58;False;;;;;;;;;;;;;;;;;;;;;;;;;;;;;;;;;;;;;;;
NOTA_FISCAL;NF-17972;06/04/2024;Consultoria RH Parceiros;34567890000134;3500.0;24/04/2024;Ana Beatriz;PAGO;DOC_0113.txt;2026-04-22 00:53:01;True;;;;;;;;;;;;;;;;;;;;;;;;;;;;;;;;;;;;;;;
CONTRATO_ADITIVO;NF-18609;30/11/2024;Marketing Digital Pro;45678901000156;19500.0;07/12/2024;Maria Silva;PAGO;DOC_0114.txt;2026-04-22 00:53:03;False;;;;;;;;;;;;;;;;;;;;;;;;;;;;;;;;;;;;;;;
FATURA;NF-22999;22/01/2024;Consultoria RH Parceiros;34567890000134;10000.0;15/02/2024;Fernanda Costa;CANCELADO;DOC_0115.txt;2026-04-22 00:53:11;True;;;;;;;;;;;;;;;;;;;;;;;;;;;;;;;;;;;;;;;
NOTA_FISCAL;NF-22463;15/03/2024;TechSoft Ltda;12345678000190;15000.0;31/03/2024;Roberto Lima;CANCELADO;DOC_0116.txt;2026-04-22 00:53:13;True;;;;;;;;;;;;;;;;;;;;;;;;;;;;;;;;;;;;;;;
FATURA;NF-22219;2024-11-10;Marketing Digital Pro;45678901000156;600000.0;2024-11-21;Maria Silva;PAGO;DOC_0117.txt;2026-04-22 00:53:21;False;;;;;;;;;;;;;;;;;;;;;;;;;;;;;;;;;;;;;;;
FATURA;NF-16743;14/05/2023;TechSoft Ltda;12345678000190;12000.0;01/06/2023;Roberto Lima;CANCELADO;DOC_0118.txt;2026-04-22 00:53:23;True;;;;;;;;;;;;;;;;;;;;;;;;;;;;;;;;;;;;;;;
RECIBO;NF-55890;23/12/2023;Limpeza & Facilities;56789012000178;85000.0;31/12/2023;Roberto Lima;PAGO;DOC_0119.txt;2026-04-22 00:53:25;True;;;;;;;;;;;;;;;;;;;;;;;;;;;;;;;;;;;;;;;
FATURA;NF-89822;28/04/2023;Limpeza & Facilities;56789012000178;850000.0;23/05/2023;Fernanda Costa;PAGO;DOC_0120.txt;2026-04-22 00:53:33;True;;;;;;;;;;;;;;;;;;;;;;;;;;;;;;;;;;;;;;;
NOTA_FISCAL;NF-28776;29/06/2023;Consultoria RH Parceiros;34567890000134;10000.0;13/07/2023;Ana Beatriz;PAGO;DOC_0121.txt;2026-04-22 00:53:35;True;;;;;;;;;;;;;;;;;;;;;;;;;;;;;;;;;;;;;;;
NOTA_FISCAL;NF-65028;21/05/2023;Marketing Digital Pro;45678901000156;3500.0;;;CANCELADO;DOC_0122.txt;2026-04-22 00:53:38;True;;;;;;2023-05-21T00:00:00;2023-06-19T00:00:00;Fernanda Costa;;;;;;;;;;;;;;;;;;;;;;;;;;;;;;;
NOTA_FISCAL;NF-30392;09/01/2024;Consultoria RH Parceiros;34567890000134;12000.0;24/01/2024;Fernanda Costa;PAGO;DOC_0123.txt;2026-04-22 00:53:45;True;;;;;;;;;;;;;;;;;;;;;;;;;;;;;;;;;;;;;;;
NOTA_FISCAL;NF-64287;19/11/2024;Limpeza & Facilities;56789012000178;19500.0;24/11/2024;Roberto Lima;ESTORNADO;DOC_0124.txt;2026-04-22 00:53:48;True;;;;;;;;;;;;;;;;;;;;;;;;;;;;;;;;;;;;;;;
NOTA_FISCAL;NF-15952;20/12/2023;DataCenter Cloud SA;23456789000112;10000.0;03/01/2024;Roberto Lima;PAGO;DOC_0125.txt;2026-04-22 00:53:55;True;;;;;;;;;;;;;;;;;;;;;;;;;;;;;;;;;;;;;;;
NOTA_FISCAL;NF-25726;06/01/2023;Marketing Digital Pro;45678901000156;8500.0;15/01/2023;Ana Beatriz;PENDENTE;DOC_0126.txt;2026-04-22 00:53:58;True;;;;;;;;;;;;;;;;;;;;;;;;;;;;;;;;;;;;;;;
CONTRATO_ADITIVO;NF-62044;29/06/2023;;45678901000156;85000.0;04/07/2023;Fernanda Costa;PAGO;DOC_0127.txt;2026-04-22 00:54:00;True;;;;;;;;;Marketing Digital Pro;;;;;;;;;;;;;;;;;;;;;;;;;;;;;;
CONTRATO_ADITIVO;NF-93904;20/01/2023;TechSoft Ltda;12345678000190;12000.0;04/02/2023;Roberto Lima;CANCELADO;DOC_0128.txt;2026-04-22 00:54:07;True;;;;;;;;;;;;;;;;;;;;;;;;;;;;;;;;;;;;;;;
Nota Fiscal;NF-67240;17/02/2024;Consultoria RH Parceiros;34567890000134;6000.0;20/02/2024;Roberto Lima;PAGO;DOC_0129.txt;2026-04-22 00:54:10;True;;;;;;;;;;;;;;;;;;;;;;;;;;;;;;;;;;;;;;;
NOTA_FISCAL;NF-53655;19/03/2024;TechSoft Ltda;12345678000190;4200.0;10/04/2024;Ana Beatriz;PAGO;DOC_0130.txt;2026-04-22 00:54:17;True;22/03/2024;;;;;;;;;;;;;;;;;;;;;;;;;;;;;;;;;;;;;;
NOTA_FISCAL;NF-23474;06/06/2024;DataCenter Cloud SA;23456789000112;8500.0;27/06/2024;Ana Beatriz;PAGO;DOC_0131.txt;2026-04-22 00:54:20;True;;;;;;;;;;;;;;;;;;;;;;;;;;;;;;;;;;;;;;;
NOTA_FISCAL;NF-99277;26/06/2023;Consultoria RH Parceiros;34567890000134;4200.0;17/07/2023;Roberto Lima;ESTORNADO;DOC_0132.txt;2026-04-22 00:54:22;True;;;;;;;;;;;;;;;;;;;;;;;;;;;;;;;;;;;;;;;
FATURA;NF-46002;03/10/2024;Limpeza & Facilities;56789012000178;1950000.0;15/10/2024;Roberto Lima;PAGO;DOC_0133.txt;2026-04-22 00:54:30;True;;;;;;;;;;;;;;;;;;;;;;;;;;;;;;;;;;;;;;;
FATURA;NF-47627;01/06/2024;TechSoft Ltda;12345678000190;19500.0;06/06/2024;Maria Silva;PENDENTE;DOC_0134.txt;2026-04-22 00:54:32;False;;;;;;;;;;;;;;;;;;;;;;;;;;;;;;;;;;;;;;;
CONTRATO_ADITIVO;NF-89299;14/04/2024;TechSoft Ltda;12345678000190;3500.0;07/05/2024;Fernanda Costa;PENDENTE;DOC_0135.txt;2026-04-22 00:54:34;True;;;;;;;;;;;;;;;;;;;;;;;;;;;;;;;;;;;;;;;
NOTA_FISCAL;NF-42472;05/03/2023;Limpeza & Facilities;56789012000178;12000.0;20/03/2023;Fernanda Costa;PAGO;DOC_0136.txt;2026-04-22 00:54:42;True;;;;;;;;;;;;;;;;;;;;;;;;;;;;;;;;;;;;;;;
NOTA_FISCAL;NF-63578;16/06/2024;Marketing Digital Pro;45678901000156;6000.0;07/07/2024;Ana Beatriz;CANCELADO;DOC_0137.txt;2026-04-22 00:54:44;True;20/06/2024;Produção de Conteúdo;Bradesco Ag.0001 C/C 99887-7;;;;;;;;;;;;;;;;;;;;;;;;;;;;;;;;;;;;
NOTA_FISCAL;NF-47243;14/03/2025;Consultoria RH Parceiros;34567890000134;12000.0;09/04/2025;Ana Beatriz;CANCELADO;DOC_0138.txt;2026-04-22 00:54:52;True;;;;;;;;;;;;;;;;;;;;;;;;;;;;;;;;;;;;;;;
NOTA_FISCAL;NF-87993;04/12/2023;Limpeza & Facilities;56789012000178;6000.0;11/12/2023;Ana Beatriz;PAGO;DOC_0139.txt;2026-04-22 00:54:54;True;;;;;;;;;;;;;;;;;;;;;;;;;;;;;;;;;;;;;;;
RECIBO;NF-76648;21/07/2024;TechSoft Ltda;12345678000190;12000.0;08/08/2024;Fernanda Costa;CANCELADO;DOC_0140.txt;2026-04-22 00:55:02;True;;;;;;;;;;;;;;;;;;;;;;;;;;;;;;;;;;;;;;;
FATURA;NF-30308;13/11/2023;TechSoft Ltda;12345678000190;12000.0;19/11/2023;Carlos Mendes;PAGO;DOC_0141.txt;2026-04-22 00:55:04;True;;;;;;;;;;;;;;;;;;;;;;;;;;;;;;;;;;;;;;;
NOTA_FISCAL;NF-30218;30/05/2024;Consultoria RH Parceiros;34567890000134;3500.0;28/06/2024;Fernanda Costa;CANCELADO;DOC_0142.txt;2026-04-22 00:55:07;True;;;;;;;;;;;;;;;;;;;;;;;;;;;;;;;;;;;;;;;
NOTA_FISCAL;NF-68841;08/01/2025;DataCenter Cloud SA;23456789000112;15000.0;23/01/2025;Carlos Mendes;PAGO;DOC_0143.txt;2026-04-22 00:55:14;True;;;;;;;;;;;;;;;;;;;;;;;;;;;;;;;;;;;;;;;
NOTA_FISCAL;NF-46932;2023-11-10;Limpeza & Facilities;56789012000178;8500.0;2023-12-09;Fernanda Costa;ESTORNADO;DOC_0144.txt;2026-04-22 00:55:17;True;;;;;;;;;;;;;;;;;;;;;;;;;;;;;;;;;;;;;;;
CONTRATO_ADITIVO;NF-82684;14/06/2023;Marketing Digital Pro;45678901000156;6000.0;12/07/2023;Maria Silva;PENDENTE;DOC_0145.txt;2026-04-22 00:55:24;False;;;;;;;;;;;;;;;;;;;;;;;;;;;;;;;;;;;;;;;
NOTA_FISCAL;NF-22021;19/10/2023;Limpeza & Facilities;56789012000178;10000.0;22/10/2023;Fernanda Costa;CANCELADO;DOC_0146.txt;2026-04-22 00:55:27;True;;;;;;;;;;;;;;;;;;;;;;;;;;;;;;;;;;;;;;;
FATURA;NF-20696;28/01/2023;Marketing Digital Pro;45678901000156;15000.0;11/02/2023;Ana Beatriz;CANCELADO;DOC_0147.txt;2026-04-22 00:55:29;True;;;;;;;;;;;;;;;;;;;;;;;;;;;;;;;;;;;;;;;
NOTA_FISCAL;NF-71925;23/11/2023;DataCenter Cloud SA;23456789000112;12000.0;23/12/2023;Carlos Mendes;PAGO;DOC_0148.txt;2026-04-22 00:55:36;True;;;;;;;;;;;;;;;;;;;;;;;;;;;;;;;;;;;;;;;
NOTA_FISCAL;NF-81932;04/04/2024;DataCenter Cloud SA;23456789000112;4200.0;24/04/2024;Ana Beatriz;PAGO;DOC_0149.txt;2026-04-22 00:55:39;True;;;;;;;;;;;;;;;;;;;;;;;;;;;;;;;;;;;;;;;
CONTRATO_ADITIVO;NF-55555;22/04/2023;TechSoft Ltda;12345678000190;15000.0;19/05/2023;Maria Silva;PAGO;DOC_0150.txt;2026-04-22 00:55:41;False;;;;;;;;;;;;;;;;;;;;;;;;;;;;;;;;;;;;;;;
NOTA_FISCAL;NF-55555;03/03/2023;TechSoft Ltda;12345678000190;15000.0;13/03/2023;Fernanda Costa;PAGO;DOC_0151.txt;2026-04-22 00:55:49;True;;;;;;;;;;;;;;;;;;;;;;;;;;;;;;;;;;;;;;;
FATURA;NF-78951;01/09/2023;TechSoft Ltda;12345678000190;600000.0;23/09/2023;Fernanda Costa;PAGO;DOC_0152.txt;2026-04-22 00:55:51;True;;;;;;;;;;;;;;;;;;;;;;;;;;;;;;;;;;;;;;;
NOTA_FISCAL;NF-56805;01/02/2024;Limpeza & Facilities;56789012000178;3500.0;03/03/2024;Ana Beatriz;PAGO;DOC_0153.txt;2026-04-22 00:55:59;True;;;;;;;;;;;;;;;;;;;;;;;;;;;;;;;;;;;;;;;
FATURA;NF-56176;30/08/2023;TechSoft Ltda;12345678000190;4200.0;28/09/2023;Ana Beatriz;PAGO;DOC_0154.txt;2026-04-22 00:56:01;True;;;;;;;;;;;;;;;;;;;;;;;;;;;;;;;;;;;;;;;
NOTA_FISCAL;NF-14847;05/03/2025;Consultoria RH Parceiros;34567890000134;195000.0;30/03/2025;Carlos Mendes;ESTORNADO;DOC_0155.txt;2026-04-22 00:56:03;True;;;;;;;;;;;;;;;;;;;;;;;;;;;;;;;;;;;;;;;
NOTA_FISCAL;NF-43202;21/03/2025;DataCenter Cloud SA;23456789000112;12000.0;28/03/2025;Fernanda Costa;ESTORNADO;DOC_0156.txt;2026-04-22 00:56:11;True;;;;;;;;;;;;;;;;;;;;;;;;;;;;;;;;;;;;;;;
RECIBO;NF-62431;01/01/2024;DataCenter Cloud SA;23456789000112;12000.0;29/01/2024;Maria Silva;CANCELADO;DOC_0157.txt;2026-04-22 00:56:13;True;;;;;;;;;;;;;;;;;;;;;;;;;;;;;;;;;;;;;;;
CONTRATO_ADITIVO;NF-65640;11/12/2023;Marketing Digital Pro;45678901000156;19500.0;20/12/2023;Fernanda Costa;PAGO;DOC_0158.txt;2026-04-22 00:56:16;True;;;;;;;;;;;;;;;;;;;;;;;;;;;;;;;;;;;;;;;
NOTA_FISCAL;NF-68447;10/07/2024;Marketing Digital Pro;45678901000156;4200.0;22/07/2024;Ana Beatriz;PAGO;DOC_0159.txt;2026-04-22 00:56:23;True;12/07/2024;Gestão de Mídias Sociais;Bradesco Ag.0001 C/C 99887-7;;;;;;;;;;;;;;;;;;;;;;;;;;;;;;;;;;;;
NOTA_FISCAL;NF-45986;07/12/2024;Marketing Digital Pro;45678901000156;195000.0;22/12/2024;Ana Beatriz;CANCELADO;DOC_0160.txt;2026-04-22 00:56:31;True;;;;;;;;;;;;;;;;;;;;;;;;;;;;;;;;;;;;;;;
NOTA_FISCAL;NF-89635;15/11/2024;TechSoft Ltda;12345678000190;12000.0;09/12/2024;Carlos Mendes;PAGO;DOC_0161.txt;2026-04-22 00:56:33;True;;;;;;;;;;;;;;;;;;;;;;;;;;;;;;;;;;;;;;;
NOTA_FISCAL;NF-89310;09/05/2023;Marketing Digital Pro;45678901000156;12000.0;13/05/2023;Roberto Lima;PAGO;DOC_0162.txt;2026-04-22 00:56:35;True;;;;;;;;;;;;;;;;;;;;;;;;;;;;;;;;;;;;;;;
FATURA;NF-95139;16/01/2024;Marketing Digital Pro;45678901000156;600000.0;31/01/2024;Ana Beatriz;PENDENTE;DOC_0163.txt;2026-04-22 00:56:43;True;;;;;;;;;;;;;;;;;;;;;;;;;;;;;;;;;;;;;;;
NOTA_FISCAL;NF-44311;26/01/2023;DataCenter Cloud SA;23456789000112;19500.0;20/02/2023;Roberto Lima;PAGO;DOC_0164.txt;2026-04-22 00:56:45;True;;CDN e Performance;;;;;;;;;;;;;;;;;;;;;;;;;;;;;;;;;;;;;
NOTA_FISCAL;NF-69250;;Consultoria RH Parceiros;34567890000134;195000.0;;Maria Silva;PAGO;DOC_0165.txt;2026-04-22 00:56:48;False;;;;;;{'DATA_EMISSAO_NF': '2023-08-06', 'DATA_PAGAMENTO': '2023-08-28', 'DATA_EMISSAO': '2023-08-08'};;;;;;;;;;;;;;;;;;;;;;;;;;;;;;;;;
NOTA_FISCAL;NF-49315;27/11/2024;Marketing Digital Pro;45678901000156;12000.0;27/12/2024;Fernanda Costa;PAGO;DOC_0166.txt;2026-04-22 00:56:55;True;;;;;;;;;;;;;;;;;;;;;;;;;;;;;;;;;;;;;;;
NOTA_FISCAL;NF-74752;19/03/2025;DataCenter Cloud SA;23456789000112;8500.0;04/04/2025;Carlos Mendes;PAGO;DOC_0167.txt;2026-04-22 00:56:57;True;;;;;;;;;;;;;;;;;;;;;;;;;;;;;;;;;;;;;;;
FATURA;NF-62187;19/04/2024;Consultoria RH Parceiros;34567890000134;6000.0;19/05/2024;Maria Silva;PAGO;DOC_0168.txt;2026-04-22 00:57:05;False;;;;;;;;;;;;;;;;;;;;;;;;;;;;;;;;;;;;;;;
CONTRATO_ADITIVO;NF-71057;22/02/2025;Marketing Digital Pro;45678901000156;4200.0;12/03/2025;Ana Beatriz;ESTORNADO;DOC_0169.txt;2026-04-22 00:57:07;True;;;;;;;;;;;;;;;;;;;;;;;;;;;;;;;;;;;;;;;
FATURA;NF-26274;08/05/2023;Limpeza & Facilities;56789012000178;6000.0;10/06/2023;Roberto Lima;PAGO;DOC_0170.txt;2026-04-22 00:57:10;True;;;;;;;;;;;;;;;;;;;;;;;;;;;;;;;;;;;;;;;
RECIBO;NF-42847;16/06/2023;DataCenter Cloud SA;23456789000112;8500.0;24/06/2023;Fernanda Costa;PAGO;DOC_0171.txt;2026-04-22 00:57:17;True;18/06/2023;;;;;;;;;;;;;;;;;;;;;;;;;;;;;;;;;;;;;;
RECIBO;NF-32439;07/05/2023;Limpeza & Facilities;56789012000178;4200.0;30/05/2023;Carlos Mendes;PAGO;DOC_0172.txt;2026-04-22 00:57:20;True;;;;;;;;;;;;;;;;;;;;;;;;;;;;;;;;;;;;;;;
FATURA;NF-84991;31/07/2024;Limpeza & Facilities;56789012000178;420000.0;02/08/2024;Fernanda Costa;PAGO;DOC_0173.txt;2026-04-22 00:57:27;True;;;;;;;;;;;;;;;;;;;;;;;;;;;;;;;;;;;;;;;
NOTA_FISCAL;NF-48985;19/05/2024;Limpeza & Facilities;56789012000178;10000.0;22/06/2024;Roberto Lima;CANCELADO;DOC_0174.txt;2026-04-22 00:57:30;True;;;;;;;;;;;;;;;;;;;;;;;;;;;;;;;;;;;;;;;
NOTA_FISCAL;NF-50970;08/06/2023;TechSoft Ltda;12345678000190;19500.0;26/06/2023;Carlos Mendes;PAGO;DOC_0175.txt;2026-04-22 00:57:32;True;;;;;;;;;;;;;;;;;;;;;;;;;;;;;;;;;;;;;;;
FATURA;NF-45058;11/02/2024;Consultoria RH Parceiros;34567890000134;4200.0;18/02/2024;Carlos Mendes;PAGO;DOC_0176.txt;2026-04-22 00:57:40;True;;;;;;;;;;;;;;;;;;;;;;;;;;;;;;;;;;;;;;;
NOTA_FISCAL;NF-52917;08/04/2023;DataCenter Cloud SA;23456789000112;15000.0;12/04/2023;Roberto Lima;PAGO;DOC_0177.txt;2026-04-22 00:57:42;True;;;;;;;;;;;;;;;;;;;;;;;;;;;;;;;;;;;;;;;
NOTA_FISCAL;NF-21802;17/02/2025;Consultoria RH Parceiros;34567890000134;19500.0;26/02/2025;Ana Beatriz;PAGO;DOC_0178.txt;2026-04-22 00:57:49;True;;;;;;;;;;;;;;;;;;;;;;;;;;;;;;;;;;;;;;;
NOTA_FISCAL;NF-88317;31/08/2023;Limpeza & Facilities;56789012000178;12000.0;11/09/2023;Maria Silva;ESTORNADO;DOC_0179.txt;2026-04-22 00:57:52;False;;;;;;;;;;;;;;;;;;;;;;;;;;;;;;;;;;;;;;;
RECIBO;NF-57964;03/07/2024;Marketing Digital Pro;45678901000156;15000.0;04/07/2024;Ana Beatriz;CANCELADO;DOC_0180.txt;2026-04-22 00:57:54;True;;;;;;;;;;;;;;;;;;;;;;;;;;;;;;;;;;;;;;;
NOTA_FISCAL;NF-76093;05/08/2024;Marketing Digital Pro;45678901000156;12000.0;24/08/2024;Ana Beatriz;CANCELADO;DOC_0181.txt;2026-04-22 00:58:02;True;;;;;;;;;;;;;;;;;;;;;;;;;;;;;;;;;;;;;;;
RECIBO;NF-54444;30/09/2024;Limpeza & Facilities;56789012000178;4200.0;22/10/2024;Maria Silva;PENDENTE;DOC_0182.txt;2026-04-22 00:58:04;False;;;;;;;;;;;;;;;;;;;;;;;;;;;;;;;;;;;;;;;
NOTA_FISCAL;NF-27961;19/07/2023;Consultoria RH Parceiros;34567890000134;15000.0;12/08/2023;Maria Silva;PAGO;DOC_0183.txt;2026-04-22 00:58:07;False;;;;;;;;;;;;;;;;;;;;;;;;;;;;;;;;;;;;;;;
NOTA_FISCAL;NF-61505;14/06/2024;Consultoria RH Parceiros;34567890000134;6000.0;30/06/2024;Fernanda Costa;PAGO;DOC_0184.txt;2026-04-22 00:58:14;True;;;;;;;;;;;;;;;;;;;;;;;;;;;;;;;;;;;;;;;
FATURA;NF-58281;30/05/2024;Consultoria RH Parceiros;34567890000134;19500.0;30/06/2024;Ana Beatriz;PAGO;DOC_0185.txt;2026-04-22 00:58:16;True;;;;;;;;;;;;;;;;;;;;;;;;;;;;;;;;;;;;;;;
CONTRATO_ADITIVO;NF-16731;2024-08-15;TechSoft Ltda;12345678000190;350000.0;2024-08-30;Roberto Lima;PAGO;DOC_0186.txt;2026-04-22 00:58:24;True;;;;;;;;;;;;;;;;;;;;;;;;;;;;;;;;;;;;;;;
NOTA_FISCAL;NF-35006;20/06/2024;Marketing Digital Pro;45678901000156;15000.0;15/06/2024;Carlos Mendes;PAGO;DOC_0187.txt;2026-04-22 00:58:26;True;;;;;;;;;;;;;;;;;;;;;;;;;;;;;;;;;;;;;;;
FATURA;NF-18163;01/03/2024;Marketing Digital Pro;45678901000156;8500.0;09/03/2024;Fernanda Costa;ESTORNADO;DOC_0188.txt;2026-04-22 00:58:29;True;;;;;;;;;;;;;;;;;;;;;;;;;;;;;;;;;;;;;;;
NOTA_FISCAL;NF-70249;23/07/2024;DataCenter Cloud SA;23456789000112;195000.0;08/08/2024;Roberto Lima;PAGO;DOC_0189.txt;2026-04-22 00:58:36;True;;;;;;;;;;;;;;;;;;;;;;;;;;;;;;;;;;;;;;;
FATURA;NF-46569;18/11/2024;Consultoria RH Parceiros;34567890000134;910000.0;18/12/2024;Roberto Lima;PAGO;DOC_0190.txt;2026-04-22 00:58:39;True;;;;;;;;;;;;;;;;;;;;;;;;;;;;;;;;;;;;;;;
NOTA_FISCAL;NF-83464;01/11/2023;Consultoria RH Parceiros;34567890000134;8500.0;26/11/2023;Ana Beatriz;PENDENTE;DOC_0191.txt;2026-04-22 00:58:41;True;;;;;;;;;;;;;;;;;;;;;;;;;;;;;;;;;;;;;;;
RECIBO;NF-15513;30/04/2023;Consultoria RH Parceiros;34567890000134;15000.0;24/05/2023;Ana Beatriz;PAGO;DOC_0192.txt;2026-04-22 00:58:49;True;;;;;;;;;;;;;;;;;;;;;;;;;;;;;;;;;;;;;;;
FATURA;NF-83664;26/03/2024;TechSoft Ltda;12345678000190;19500.0;18/04/2024;Carlos Mendes;PAGO;DOC_0193.txt;2026-04-22 00:58:51;True;;;;;;;;;;;;;;;;;;;;;;;;;;;;;;;;;;;;;;;
NOTA_FISCAL;NF-93616;17/04/2023;Consultoria RH Parceiros;34567890000134;8500.0;12/05/2023;Maria Silva;PAGO;DOC_0194.txt;2026-04-22 00:58:58;False;;;;;;;;;;;;;;;;;;;;;;;;;;;;;;;;;;;;;;;
NOTA_FISCAL;NF-63334;23/02/2024;TechSoft Ltda;12345678000190;19500.0;10/03/2024;Carlos Mendes;PAGO;DOC_0195.txt;2026-04-22 00:59:01;True;;;;;;;;;;;;;;;;;;;;;;;;;;;;;;;;;;;;;;;
NOTA_FISCAL;NF-80143;26/10/2024;Marketing Digital Pro;45678901000156;12000.0;04/11/2024;Maria Silva;PAGO;DOC_0196.txt;2026-04-22 00:59:03;False;;;;;;;;;;;;;;;;;;;;;;;;;;;;;;;;;;;;;;;
NOTA_FISCAL;NF-14910;02/03/2024;TechSoft Ltda;12345678000190;3500.0;01/04/2024;Roberto Lima;PAGO;DOC_0197.txt;2026-04-22 00:59:11;True;;;;;;;;;;;;;;;;;;;;;;;;;;;;;;;;;;;;;;;
NOTA_FISCAL;NF-35272;07/12/2023;Consultoria RH Parceiros;34567890000134;19500.0;20/12/2023;Fernanda Costa;PAGO;DOC_0198.txt;2026-04-22 00:59:13;True;;;;;;;;;;;;;;;;;;;;;;;;;;;;;;;;;;;;;;;
FATURA;NF-84420;13/06/2023;TechSoft Ltda;12345678000190;1000000.0;10/07/2023;Maria Silva;PAGO;DOC_0199.txt;2026-04-22 00:59:21;False;;;;;;;;;;;;;;;;;;;;;;;;;;;;;;;;;;;;;;;
NOTA_FISCAL;NF-62538;12/09/2024;DataCenter Cloud SA;23456789000112;1500000.0;15/10/2024;Fernanda Costa;PAGO;DOC_0200.txt;2026-04-22 00:59:23;True;;;;;;;;;;;;;;;;;;;;;;;;;;;;;;;;;;;;;;;
NOTA_FISCAL;NF-68554;2023-05-22;TechSoft Ltda;12345678000190;85000.0;2023-06-09;Ana Beatriz;PAGO;DOC_0201.txt;2026-04-22 00:59:25;True;;;;;;;;;;;;;;;;;;;;;;;;;;;;;;;;;;;;;;;
FATURA;NF-97528;01/11/2023;Consultoria RH Parceiros;34567890000134;3.5;25/11/2023;Ana Beatriz;PAGO;DOC_0202.txt;2026-04-22 00:59:33;True;;;;;;;;;;;;;;;;;;;;;;;;;;;;;;;;;;;;;;;
RECIBO;NF-38721;08/06/2023;Marketing Digital Pro;45678901000156;10000.0;26/06/2023;Ana Beatriz;PAGO;DOC_0203.txt;2026-04-22 00:59:35;True;;;;;;;;;;;;;;;;;;;;;;;;;;;;;;;;;;;;;;;
NOTA_FISCAL;NF-42435;06/04/2024;Marketing Digital Pro;45678901000156;12000.0;04/05/2024;Fernanda Costa;PAGO;DOC_0204.txt;2026-04-22 00:59:43;True;;;;;;;;;;;;;;;;;;;;;;;;;;;;;;;;;;;;;;;
NOTA_FISCAL;NF-81781;18/06/2024;Limpeza & Facilities;56789012000178;12000.0;07/07/2024;Fernanda Costa;PAGO;DOC_0205.txt;2026-04-22 00:59:45;True;;;;;;;;;;;;;;;;;;;;;;;;;;;;;;;;;;;;;;;
NOTA_FISCAL;NF-21919;14/06/2023;DataCenter Cloud SA;23456789000112;19500.0;29/06/2023;Carlos Mendes;ESTORNADO;DOC_0206.txt;2026-04-22 00:59:47;True;;;;;;;;;;;;;;;;;;;;;;;;;;;;;;;;;;;;;;;
NOTA_FISCAL;NF-98181;05/04/2024;Marketing Digital Pro;45678901000156;150000.0;14/04/2024;Fernanda Costa;ESTORNADO;DOC_0207.txt;2026-04-22 00:59:55;True;;;;;;;;;;;;;;;;;;;;;;;;;;;;;;;;;;;;;;;
NOTA_FISCAL;NF-55158;10/02/2024;Consultoria RH Parceiros;34567890000134;8500.0;19/02/2024;Maria Silva;CANCELADO;DOC_0208.txt;2026-04-22 00:59:57;True;;;;;;;;;;;;;;;;;;;;;;;;;;;;;;;;;;;;;;;
NOTA_FISCAL;NF-94085;09/03/2023;TechSoft Ltda;12345678000190;3500.0;11/04/2023;Roberto Lima;PAGO;DOC_0209.txt;2026-04-22 01:00:00;True;;;;;;;;;;;;;;;;;;;;;;;;;;;;;;;;;;;;;;;
FATURA;NF-25549;24/01/2024;Marketing Digital Pro;45678901000156;15000.0;11/02/2024;Fernanda Costa;PENDENTE;DOC_0210.txt;2026-04-22 01:00:07;True;;;;;;;;;;;;;;;;;;;;;;;;;;;;;;;;;;;;;;;
CONTRATO_ADITIVO;NF-98276;20/06/2024;Limpeza & Facilities;56789012000178;8500.0;30/06/2024;Maria Silva;ESTORNADO;DOC_0211.txt;2026-04-22 01:00:10;False;25/06/2024;Limpeza Predial;Bradesco Ag.0001 C/C 99887-7;;;;;;;;;;;;;;;;;;;;;;;;;;;;;;;;;;;;
CONTRATO_ADITIVO;NF-34704;27/06/2024;Limpeza & Facilities;56789012000178;85900.0;11/07/2024;Ana Beatriz;PAGO;DOC_0212.txt;2026-04-22 01:00:17;True;;;;;;;;;;;;;;;;;;;;;;;;;;;;;;;;;;;;;;;
NOTA_FISCAL;NF-87849;03/11/2024;TechSoft Ltda;12345678000190;3500.0;21/11/2024;Carlos Mendes;PAGO;DOC_0213.txt;2026-04-22 01:00:20;True;;;;;;;;;;;;;;;;;;;;;;;;;;;;;;;;;;;;;;;
NOTA_FISCAL;NF-17398;08/09/2023;Marketing Digital Pro;45678901000156;15000.0;02/10/2023;Carlos Mendes;PAGO;DOC_0214.txt;2026-04-22 01:00:27;True;;;;;;;;;;;;;;;;;;;;;;;;;;;;;;;;;;;;;;;
RECIBO;NF-49552;23/08/2023;Limpeza & Facilities;56789012000178;12000.0;24/09/2023;Fernanda Costa;PAGO;DOC_0215.txt;2026-04-22 01:00:29;True;;;;;;;;;;;;;;;;;;;;;;;;;;;;;;;;;;;;;;;
NOTA_FISCAL;NF-82856;26/02/2024;Limpeza & Facilities;56789012000178;3500.0;09/03/2024;Fernanda Costa;CANCELADO;DOC_0216.txt;2026-04-22 01:00:32;True;;;;;;;;;;;;;;;;;;;;;;;;;;;;;;;;;;;;;;;
FATURA;NF-59343;17/10/2024;TechSoft Ltda;12345678000190;12000.0;11/11/2024;Roberto Lima;PAGO;DOC_0217.txt;2026-04-22 01:00:39;True;;;;;;;;;;;;;;;;;;;;;;;;;;;;;;;;;;;;;;;
NOTA_FISCAL;NF-64592;03/09/2023;Limpeza & Facilities;56789012000178;10000.0;02/10/2023;Roberto Lima;CANCELADO;DOC_0218.txt;2026-04-22 01:00:42;True;;;;;;;;;;;;;;;;;;;;;;;;;;;;;;;;;;;;;;;
NOTA_FISCAL;NF-22119;31/01/2024;Limpeza & Facilities;56789012000178;85000.0;10/02/2024;Maria Silva;PENDENTE;DOC_0219.txt;2026-04-22 01:00:49;False;;;;;;;;;;;;;;;;;;;;;;;;;;;;;;;;;;;;;;;
NOTA_FISCAL;NF-72835;27/09/2023;DataCenter Cloud SA;23456789000112;3500.0;15/10/2023;Carlos Mendes;PAGO;DOC_0220.txt;2026-04-22 01:00:52;True;;;;;;;;;;;;;;;;;;;;;;;;;;;;;;;;;;;;;;;
RECIBO;NF-61987;16/01/2023;Consultoria RH Parceiros;34567890000134;420000.0;15/01/2023;Carlos Mendes;PAGO;DOC_0221.txt;2026-04-22 01:00:54;True;;;;;;;;;;;;;;;;;;;;;;;;;;;;;;;;;;;;;;;
FATURA;NF-57139;02/03/2025;Limpeza & Facilities;56789012000178;19500.0;15/03/2025;Ana Beatriz;PAGO;DOC_0222.txt;2026-04-22 01:01:01;True;;;;;;;;;;;;;;;;;;;;;;;;;;;;;;;;;;;;;;;
NOTA_FISCAL;NF-64254;06/04/2023;Marketing Digital Pro;45678901000156;195000.0;07/05/2023;Carlos Mendes;PENDENTE;DOC_0223.txt;2026-04-22 01:01:04;True;;;;;;;;;;;;;;;;;;;;;;;;;;;;;;;;;;;;;;;
NOTA_FISCAL;NF-48691;29/01/2025;Limpeza & Facilities;56789012000178;10000.0;03/02/2025;Fernanda Costa;CANCELADO;DOC_0224.txt;2026-04-22 01:01:06;True;;;;;;;;;;;;;;;;;;;;;;;;;;;;;;;;;;;;;;;
FATURA;NF-74044;2023-08-20;DataCenter Cloud SA;23456789000112;85000.0;2023-09-06;Fernanda Costa;PAGO;DOC_0225.txt;2026-04-22 01:01:14;True;;;;;;;;;;;;;;;;;;;;;;;;;;;;;;;;;;;;;;;
NOTA_FISCAL;NF-81058;20/06/2023;Marketing Digital Pro;45678901000156;6000.0;16/07/2023;Fernanda Costa;PAGO;DOC_0226.txt;2026-04-22 01:01:16;True;;;;;;;;;;;;;;;;;;;;;;;;;;;;;;;;;;;;;;;
NOTA_FISCAL;NF-18908;13/03/2023;TechSoft Ltda;12345678000190;3500.0;14/04/2023;Roberto Lima;PAGO;DOC_0227.txt;2026-04-22 01:01:24;True;;;;;;;;;;;;;;;;;;;;;;;;;;;;;;;;;;;;;;;
NOTA_FISCAL;NF-96413;09/08/2023;DataCenter Cloud SA;23456789000112;12000.0;29/08/2023;Fernanda Costa;ESTORNADO;DOC_0228.txt;2026-04-22 01:01:26;True;;;;;;;;;;;;;;;;;;;;;;;;;;;;;;;;;;;;;;;
NOTA_FISCAL;NF-12246;25/06/2024;TechSoft Ltda;12345678000190;3500.0;16/07/2024;Fernanda Costa;PAGO;DOC_0229.txt;2026-04-22 01:01:28;True;;;;;;;;;;;;;;;;;;;;;;;;;;;;;;;;;;;;;;;
NOTA_FISCAL;NF-56457;20/04/2023;Marketing Digital Pro;45678901000156;6000.0;20/05/2023;Carlos Mendes;PAGO;DOC_0230.txt;2026-04-22 01:01:36;True;;Campanha Google Ads;;;;;;;;;;;;;;;;;;;;;;;;;;;;;;;;;;;;;
NOTA_FISCAL;NF-22255;15/01/2024;Marketing Digital Pro;45678901000156;8500.0;31/01/2024;Ana Beatriz;PAGO;DOC_0231.txt;2026-04-22 01:01:38;True;;;;;;;;;;;;;;;;;;;;;;;;;;;;;;;;;;;;;;;
CONTRATO_ADITIVO;NF-94529;19/07/2024;Marketing Digital Pro;45678901000156;3500.0;04/08/2024;Maria Silva;CANCELADO;DOC_0232.txt;2026-04-22 01:01:46;True;;;;;;;;;;;;;;;;;;;;;;;;;;;;;;;;;;;;;;;
NOTA_FISCAL;NF-16102;24/06/2024;Consultoria RH Parceiros;34567890000134;8500.0;24/07/2024;Fernanda Costa;PAGO;DOC_0233.txt;2026-04-22 01:01:48;True;;;;;;;;;;;;;;;;;;;;;;;;;;;;;;;;;;;;;;;
NOTA_FISCAL;NF-20084;01/07/2023;Consultoria RH Parceiros;34567890000134;3500.0;02/08/2023;Fernanda Costa;CANCELADO;DOC_0234.txt;2026-04-22 01:01:51;True;;;;;;;;;;;;;;;;;;;;;;;;;;;;;;;;;;;;;;;
NOTA_FISCAL;NF-17038;31/07/2024;DataCenter Cloud SA;23456789000112;12000.0;30/08/2024;Carlos Mendes;PENDENTE;DOC_0235.txt;2026-04-22 01:01:58;True;;;;;;;;;;;;;;;;;;;;;;;;;;;;;;;;;;;;;;;
NOTA_FISCAL;NF-74304;15/03/2023;Marketing Digital Pro;45678901000156;15000.0;30/03/2023;Maria Silva;ESTORNADO;DOC_0236.txt;2026-04-22 01:02:01;False;;;;;;;;;;;;;;;;;;;;;;;;;;;;;;;;;;;;;;;
CONTRATO_ADITIVO;NF-19634;13/03/2024;Consultoria RH Parceiros;34567890000134;15000.0;24/03/2024;Fernanda Costa;PAGO;DOC_0237.txt;2026-04-22 01:02:03;True;;;;;;;;;;;;;;;;;;;;;;;;;;;;;;;;;;;;;;;
NOTA_FISCAL;NF-21995;20/01/2024;Consultoria RH Parceiros;34567890000134;6000.0;17/02/2024;Ana Beatriz;PAGO;DOC_0238.txt;2026-04-22 01:02:11;True;25/01/2024;;Bradesco Ag.0001 C/C 99887-7;;;;;;;;;;;;;;;;;;;;;;;;;;;;;;;;;;;;
NOTA_FISCAL;NF-68830;02/01/2024;Consultoria RH Parceiros;34567890000134;4200.0;29/01/2024;Maria Silva;CANCELADO;DOC_0239.txt;2026-04-22 01:02:13;True;;;;;;;;;;;;;;;;;;;;;;;;;;;;;;;;;;;;;;;
CONTRATO_ADITIVO;NF-60493;16/04/2023;Limpeza & Facilities;56789012000178;12000.0;17/04/2023;Maria Silva;PENDENTE;DOC_0240.txt;2026-04-22 01:02:21;False;;Portaria e Recepção;Caixa Ag.0023 C/C 44321-0;;NLC0240112940;;;;;;;;;;;;;;;;;;;;;;;;;;;;;;;;;;
CONTRATO_ADITIVO;NF-32216;02/02/2024;Consultoria RH Parceiros;34567890000134;8500.0;27/02/2024;Fernanda Costa;CANCELADO;DOC_0241.txt;2026-04-22 01:02:23;True;;;;;;;;;;;;;;;;;;;;;;;;;;;;;;;;;;;;;;;
RECIBO;NF-49289;01/10/2023;Consultoria RH Parceiros;34567890000134;4200.0;18/10/2023;Roberto Lima;CANCELADO;DOC_0242.txt;2026-04-22 01:02:31;True;;;;;;;;;;;;;;;;;;;;;;;;;;;;;;;;;;;;;;;
FATURA;NF-24021;10/09/2023;TechSoft Ltda;12345678000190;19500.0;23/09/2023;Fernanda Costa;ESTORNADO;DOC_0243.txt;2026-04-22 01:02:33;True;;;;;;;;;;;;;;;;;;;;;;;;;;;;;;;;;;;;;;;
NOTA_FISCAL;NF-95332;06/02/2024;Consultoria RH Parceiros;34567890000134;15000.0;21/02/2024;Roberto Lima;CANCELADO;DOC_0244.txt;2026-04-22 01:02:35;True;;;;;;;;;;;;;;;;;;;;;;;;;;;;;;;;;;;;;;;
RECIBO;NF-51830;20/11/2023;DataCenter Cloud SA;23456789000112;8500.0;15/12/2023;Ana Beatriz;CANCELADO;DOC_0245.txt;2026-04-22 01:02:43;True;;;;;;;;;;;;;;;;;;;;;;;;;;;;;;;;;;;;;;;
NOTA_FISCAL;NF-87624;28/11/2023;Marketing Digital Pro;45878901000156;1500000.0;13/12/2023;Maria Silva;PAGO;DOC_0246.txt;2026-04-22 01:02:46;False;;;;;;;;;;;;;;;;;;;;;;;;;;;;;;;;;;;;;;;
NOTA_FISCAL;NF-98208;09/01/2025;DataCenter Cloud SA;23456789000112;8500.0;29/01/2025;Ana Beatriz;CANCELADO;DOC_0247.txt;2026-04-22 01:02:48;True;;;;;;;;;;;;;;;;;;;;;;;;;;;;;;;;;;;;;;;
RECIBO;NF-88372;31/08/2023;DataCenter Cloud SA;23456789000112;6000.0;14/09/2023;Roberto Lima;ESTORNADO;DOC_0248.txt;2026-04-22 01:02:56;True;;;;;;;;;;;;;;;;;;;;;;;;;;;;;;;;;;;;;;;
CONTRATO_ADITIVO;NF-24335;26/06/2024;Limpeza & Facilities;56789012000178;15000.0;18/07/2024;Maria Silva;PAGO;DOC_0249.txt;2026-04-22 01:02:58;False;;;;;;;;;;;;;;;;;;;;;;;;;;;;;;;;;;;;;;;
FATURA;NF-23886;16/06/2023;DataCenter Cloud SA;23456789000112;3500.0;11/07/2023;Roberto Lima;CANCELADO;DOC_0250.txt;2026-04-22 01:03:06;True;;;;;;;;;;;;;;;;;;;;;;;;;;;;;;;;;;;;;;;
RECIBO;NF-99070;16/08/2023;TechSoft Ltda;12345678000190;8500.0;02/09/2023;Ana Beatriz;ESTORNADO;DOC_0251.txt;2026-04-22 01:03:08;True;;;;;;;;;;;;;;;;;;;;;;;;;;;;;;;;;;;;;;;
NOTA_FISCAL;NF-28569;17/12/2023;Limpeza & Facilities;56789012000178;4200.0;21/12/2023;Roberto Lima;PAGO;DOC_0252.txt;2026-04-22 01:03:10;True;;;;;;;;;;;;;;;;;;;;;;;;;;;;;;;;;;;;;;;
FATURA;NF-69303;10/04/2024;Consultoria RH Parceiros;34567890000134;19500.0;07/05/2024;Roberto Lima;ESTORNADO;DOC_0253.txt;2026-04-22 01:03:18;True;10/04/2024;Avaliação de Desempenho;Itaú Ag.5678 C/C 12345-6;;NLC0253434400;;;;;;;;;;;;;;;;;;;;;;;;;;;;;;;;;;
RECIBO;NF-41970;10/02/2023;TechSoft Ltda;12345678000190;4200.0;13/03/2023;Ana Beatriz;PAGO;DOC_0254.txt;2026-04-22 01:03:20;True;;;;;;;;;;;;;;;;;;;;;;;;;;;;;;;;;;;;;;;
NOTA_FISCAL;NF-93948;02/12/2023;DataCenter Cloud SA;23456789000112;19500.0;23/12/2023;Roberto Lima;PAGO;DOC_0255.txt;2026-04-22 01:03:28;True;;;;;;;;;;;;;;;;;;;;;;;;;;;;;;;;;;;;;;;
CONTRATO_ADITIVO;NF-10583;2023-01-26;Marketing Digital Pro;45678901000156;850000.0;2023-02-23;Fernanda Costa;CANCELADO;DOC_0256.txt;2026-04-22 01:03:30;True;;;;;;;;;;;;;;;;;;;;;;;;;;;;;;;;;;;;;;;
NOTA_FISCAL;NF-57945;2023/10/08;DataCenter Cloud SA;23456789000112;420000.0;2023/11/07;Maria Silva;PAGO;DOC_0257.txt;2026-04-22 01:03:33;False;;;;;;;;;;;;;;;;;;;;;;;;;;;;;;;;;;;;;;;
NOTA_FISCAL;NF-90125;22/04/2023;DataCenter Cloud SA;23456789000112;19500.0;06/05/2023;Ana Beatriz;CANCELADO;DOC_0258.txt;2026-04-22 01:03:40;True;;;;;;;;;;;;;;;;;;;;;;;;;;;;;;;;;;;;;;;
NOTA_FISCAL;NF-98094;20/12/2023;Limpeza & Facilities;56789012000178;6000.0;04/01/2024;Fernanda Costa;PAGO;DOC_0259.txt;2026-04-22 01:03:43;True;;;;;;;;;;;;;;;;;;;;;;;;;;;;;;;;;;;;;;;
NOTA_FISCAL;NF-64819;02/09/2023;Consultoria RH Parceiros;34567890000134;6000.0;12/09/2023;Carlos Mendes;CANCELADO;DOC_0260.txt;2026-04-22 01:03:50;True;;;;;;;;;;;;;;;;;;;;;;;;;;;;;;;;;;;;;;;
CONTRATO_ADITIVO;NF-28388;06/03/2024;DataCenter Cloud SA;23456789000112;6000.0;15/03/2024;Carlos Mendes;PAGO;DOC_0261.txt;2026-04-22 01:03:52;True;;;;;;;;;;;;;;;;;;;;;;;;;;;;;;;;;;;;;;;
NOTA_FISCAL;NF-83607;24/09/2024;Consultoria RH Parceiros;34567890000134;35000.0;28/09/2024;Carlos Mendes;CANCELADO;DOC_0262.txt;2026-04-22 01:03:55;True;;;;;;;;;;;;;;;;;;;;;;;;;;;;;;;;;;;;;;;
CONTRATO_ADITIVO;NF-38905;29/11/2024;Marketing Digital Pro;45678901000156;19500.0;18/12/2024;Carlos Mendes;PAGO;DOC_0263.txt;2026-04-22 01:04:02;True;;;;;;;;;;;;;;;;;;;;;;;;;;;;;;;;;;;;;;;
RECIBO;NF-85066;17/08/2023;TechSoft Ltda;12345678000190;60000.0;06/09/2023;Fernanda Costa;PAGO;DOC_0264.txt;2026-04-22 01:04:05;True;;;;;;;;;;;;;;;;;;;;;;;;;;;;;;;;;;;;;;;
FATURA;NF-95678;09/07/2024;Consultoria RH Parceiros;34567890000134;19500.0;05/08/2024;Carlos Mendes;PAGO;DOC_0265.txt;2026-04-22 01:04:07;True;;;;;;;;;;;;;;;;;;;;;;;;;;;;;;;;;;;;;;;
RECIBO;NF-37509;01/02/2023;DataCenter Cloud SA;23456789000112;12000.0;18/02/2023;Roberto Lima;PAGO;DOC_0266.txt;2026-04-22 01:04:15;True;;Hospedagem Cloud;Itaú Ag.5678 C/C 12345-6;;NLC0266950083;;;;;;;;;;;;;;;;;;;;;;;;;;;;;;;;;;
FATURA;NF-37124;23/12/2024;Limpeza & Facilities;56789012000178;15000.0;17/01/2025;Fernanda Costa;PAGO;DOC_0267.txt;2026-04-22 01:04:17;True;;;;;;;;;;;;;;;;;;;;;;;;;;;;;;;;;;;;;;;
FATURA;NF-77425;25/06/2024;TechSoft Ltda;12345678000190;6000.0;08/07/2024;Ana Beatriz;PAGO;DOC_0268.txt;2026-04-22 01:04:25;True;;;;;;;;;;;;;;;;;;;;;;;;;;;;;;;;;;;;;;;
NOTA_FISCAL;NF-29168;04/02/2025;TechSoft Ltda;12345678000190;3500.0;05/03/2025;Carlos Mendes;PAGO;DOC_0269.txt;2026-04-22 01:04:27;True;;;;;;;;;;;;;;;;;;;;;;;;;;;;;;;;;;;;;;;
NOTA_FISCAL;NF-92288;13/02/2025;Consultoria RH Parceiros;34567890000134;15000.0;17/03/2025;Carlos Mendes;PAGO;DOC_0270.txt;2026-04-22 01:04:35;True;;;;;;;;;;;;;;;;;;;;;;;;;;;;;;;;;;;;;;;
NOTA_FISCAL;NF-73968;19/03/2023;Marketing Digital Pro;45678901000156;15000.0;09/04/2023;Ana Beatriz;ESTORNADO;DOC_0271.txt;2026-04-22 01:04:37;True;;;;;;;;;;;;;;;;;;;;;;;;;;;;;;;;;;;;;;;
NOTA_FISCAL;NF-38551;26/02/2025;Limpeza & Facilities;56789012000178;4200.0;31/03/2025;Ana Beatriz;CANCELADO;DOC_0272.txt;2026-04-22 01:04:39;True;;;;;;;;;;;;;;;;;;;;;;;;;;;;;;;;;;;;;;;
NOTA_FISCAL;NF-55054;30/09/2023;DataCenter Cloud SA;23456789000112;12000.0;13/10/2023;Fernanda Costa;ESTORNADO;DOC_0273.txt;2026-04-22 01:04:47;True;02/10/2023;CDN e Performance;Banco do Brasil Ag.1234 C/C 56789-0;;;;;;;;;;;;;;;;;;;;;;;;;;;;;;;;;;;;
NOTA_FISCAL;NF-10088;09/04/2023;TechSoft Ltda;12345678000190;3500.0;03/05/2023;Carlos Mendes;ESTORNADO;DOC_0274.txt;2026-04-22 01:04:55;True;;;;;;;;;;;;;;;;;;;;;;;;;;;;;;;;;;;;;;;
NOTA_FISCAL;NF-58738;27/10/2024;DataCenter Cloud SA;23456789000112;10000.0;06/11/2024;Ana Beatriz;PAGO;DOC_0275.txt;2026-04-22 01:04:57;True;;;;;;;;;;;;;;;;;;;;;;;;;;;;;;;;;;;;;;;
NOTA_FISCAL;NF-37973;08/02/2024;DataCenter Cloud SA;23456789000112;8500.0;02/03/2024;Maria Silva;PAGO;DOC_0276.txt;2026-04-22 01:05:00;False;;;;;;;;;;;;;;;;;;;;;;;;;;;;;;;;;;;;;;;
NOTA_FISCAL;NF-65353;26/08/2024;TechSoft Ltda;12345678000190;19500.0;07/09/2024;Maria Silva;PAGO;DOC_0277.txt;2026-04-22 01:05:07;False;;;;;;;;;;;;;;;;;;;;;;;;;;;;;;;;;;;;;;;
NOTA_FISCAL;NF-49223;11/03/2023;DataCenter Cloud SA;23456789000112;4200.0;22/03/2023;Maria Silva;PENDENTE;DOC_0278.txt;2026-04-22 01:05:09;False;;;;;;;;;;;;;;;;;;;;;;;;;;;;;;;;;;;;;;;
NOTA_FISCAL;NF-67684;2024-10-17;Marketing Digital Pro;45789010000156;42000.0;2024-11-09;Fernanda Costa;PAGO;DOC_0279.txt;2026-04-22 01:05:17;True;;Email Marketing;;;;;;;;;;;;;;;;;;;;;;;;;;;;;;;;;;;;;
NOTA_FISCAL;NF-26142;21/02/2024;DataCenter Cloud SA;23456789000112;19500.0;17/03/2024;Maria Silva;PAGO;DOC_0280.txt;2026-04-22 01:05:19;False;;;;;;;;;;;;;;;;;;;;;;;;;;;;;;;;;;;;;;;
FATURA;NF-13515;14/03/2024;Marketing Digital Pro;45678901000156;8500.0;26/03/2024;Maria Silva;PAGO;DOC_0281.txt;2026-04-22 01:05:22;False;;;;;;;;;;;;;;;;;;;;;;;;;;;;;;;;;;;;;;;
NOTA_FISCAL;NF-74865;10/06/2024;Consultoria RH Parceiros;34567890000134;8500.0;04/07/2024;Ana Beatriz;PAGO;DOC_0282.txt;2026-04-22 01:05:29;True;;;;;;;;;;;;;;;;;;;;;;;;;;;;;;;;;;;;;;;
NOTA_FISCAL;NF-27299;22/05/2024;TechSoft Ltda;12345678000190;4200.0;16/06/2024;Maria Silva;PENDENTE;DOC_0283.txt;2026-04-22 01:05:31;False;;;;;;;;;;;;;;;;;;;;;;;;;;;;;;;;;;;;;;;
CONTRATO_ADITIVO;NF-11807;05/01/2024;Limpeza & Facilities;56789012000178;600000.0;28/01/2024;Maria Silva;PAGO;DOC_0284.txt;2026-04-22 01:05:39;False;;;;;;;;;;;;;;;;;;;;;;;;;;;;;;;;;;;;;;;
NOTA_FISCAL;NF-20803;28/02/2023;DataCenter Cloud SA;23456789000112;10000.0;29/03/2023;Roberto Lima;CANCELADO;DOC_0285.txt;2026-04-22 01:05:41;True;;;;;;;;;;;;;;;;;;;;;;;;;;;;;;;;;;;;;;;
NOTA_FISCAL;NF-61213;10/10/2023;Limpeza & Facilities;56789012000178;4200.0;15/10/2023;Carlos Mendes;PENDENTE;DOC_0286.txt;2026-04-22 01:05:44;True;;;;;;;;;;;;;;;;;;;;;;;;;;;;;;;;;;;;;;;
RECIBO;NF-25202;11/12/2024;TechSoft Ltda;12345678000190;8500.0;30/12/2024;Carlos Mendes;CANCELADO;DOC_0287.txt;2026-04-22 01:05:51;True;;;;;;;;;;;;;;;;;;;;;;;;;;;;;;;;;;;;;;;
NOTA_FISCAL;NF-31473;08/11/2023;Limpeza & Facilities;56789012000178;600000.0;05/12/2023;Maria Silva;PAGO;DOC_0288.txt;2026-04-22 01:05:54;False;;;;;;;;;;;;;;;;;;;;;;;;;;;;;;;;;;;;;;;
RECIBO;NF-45649;19/06/2023;Consultoria RH Parceiros;34567890000134;10000.0;02/07/2023;Maria Silva;CANCELADO;DOC_0289.txt;2026-04-22 01:05:56;True;;;;;;;;;;;;;;;;;;;;;;;;;;;;;;;;;;;;;;;
RECIBO;NF-17266;30/12/2024;TechSoft Ltda;12345678000190;4200.0;18/01/2025;Roberto Lima;PENDENTE;DOC_0290.txt;2026-04-22 01:06:03;True;;;;;;;;;;;;;;;;;;;;;;;;;;;;;;;;;;;;;;;
NOTA_FISCAL;NF-15772;10/01/2024;Limpeza & Facilities;56789012000178;4200.0;18/01/2024;Maria Silva;PAGO;DOC_0291.txt;2026-04-22 01:06:06;False;;;;;;;;;;;;;;;;;;;;;;;;;;;;;;;;;;;;;;;
NOTA_FISCAL;NF-39427;25/04/2024;DataCenter Cloud SA;23456789000112;6000.0;10/05/2024;Maria Silva;CANCELADO;DOC_0292.txt;2026-04-22 01:06:13;True;;;;;;;;;;;;;;;;;;;;;;;;;;;;;;;;;;;;;;;
CONTRATO_ADITIVO;NF-33507;05/01/2025;DataCenter Cloud SA;23456789000112;4200.0;18/01/2025;Ana Beatriz;PAGO;DOC_0293.txt;2026-04-22 01:06:16;True;;;;;;;;;;;;;;;;;;;;;;;;;;;;;;;;;;;;;;;
NOTA_FISCAL;NF-11044;12/02/2024;Limpeza & Facilities;56789012000178;10000.0;18/02/2024;Ana Beatriz;ESTORNADO;DOC_0294.txt;2026-04-22 01:06:18;True;15/02/2024;Controle de Pragas;Itaú Ag.5678 C/C 12345-6;;;;;;;;;;;;;;;;;;;;;;;;;;;;;;;;;;;;
RECIBO;NF-35614;2024-07-29;DataCenter Cloud SA;23456789000112;85000.0;2024-08-26;Ana Beatriz;ESTORNADO;DOC_0295.txt;2026-04-22 01:06:26;True;2024-07-31;Firewall e Segurança;Caixa Ag.0023 C/C 44321-0;;;;;;;;;;;;;;;;;;;;;;;;;;;;;;;;;;;;
NOTA_FISCAL;NF-53911;01/06/2023;Limpeza & Facilities;56789012000178;3500.0;05/06/2023;Fernanda Costa;PAGO;DOC_0296.txt;2026-04-22 01:06:34;True;04/06/2023;Manutenção Elétrica;;;;;;;;;;;;;;;;;;;;;;;;;;;;;;;;;;;;;
RECIBO;NF-46677;;Marketing Digital Pro;45678901000156;8500.0;;Roberto Lima;PAGO;DOC_0297.txt;2026-04-22 01:06:37;True;;;;;;;;;;13/04/2023;24/04/2023;;;;;;;;;;;;;;;;;;;;;;;;;;;;
NOTA_FISCAL;NF-76247;2024-06-11;TechSoft Ltda;12345678000190;1200000.0;2024-06-30;Maria Silva;PAGO;DOC_0298.txt;2026-04-22 01:06:44;False;;;;;;;;;;;;;;;;;;;;;;;;;;;;;;;;;;;;;;;
NOTA_FISCAL;NF-51288;29/08/2024;Marketing Digital Pro;45678901000156;15000.0;17/09/2024;Carlos Mendes;PAGO;DOC_0299.txt;2026-04-22 01:06:47;True;;;;;;;;;;;;;;;;;;;;;;;;;;;;;;;;;;;;;;;
FATURA;NF-30369;20/11/2023;Marketing Digital Pro;99888777000100;8500.0;07/12/2023;Carlos Mendes;PAGO;DOC_0300.txt;2026-04-22 01:06:49;True;;;;;;;;;;;;;;;;;;;;;;;;;;;;;;;;;;;;;;;
NOTA_FISCAL;NF-50410;19/04/2024;Marketing Digital Pro;99888777000100;4200.0;03/05/2024;Ana Beatriz;ESTORNADO;DOC_0301.txt;2026-04-22 01:06:57;True;;;;;;;;;;;;;;;;;;;;;;;;;;;;;;;;;;;;;;;
NOTA_FISCAL;NF-29441;29/03/2023;Marketing Digital Pro;99888777000100;10000.0;09/04/2023;Maria Silva;PENDENTE;DOC_0302.txt;2026-04-22 01:07:04;False;;;;;;;;;;;;;;;;;;;;;;;;;;;;;;;;;;;;;;;
FATURA;NF-69270;10/02/2024;DataCenter Cloud SA;23456789000112;10000.0;27/02/2024;Carlos Mendes;CANCELADO;DOC_0303.txt;2026-04-22 01:07:06;True;;;;;;;;;;;;;;;;;;;;;;;;;;;;;;;;;;;;;;;
NOTA_FISCAL;NF-27133;07/04/2023;Limpeza & Facilities;56789012000178;6000.0;22/04/2023;Maria Silva;PAGO;DOC_0304.txt;2026-04-22 01:07:09;False;;;;;;;;;;;;;;;;;;;;;;;;;;;;;;;;;;;;;;;
FATURA;NF-12857;28/11/2024;Marketing Digital Pro;45678901000156;4200.0;24/12/2024;Fernanda Costa;PAGO;DOC_0305.txt;2026-04-22 01:07:16;True;;;;;;;;;;;;;;;;;;;;;;;;;;;;;;;;;;;;;;;
NOTA_FISCAL;NF-85220;10/05/2023;DataCenter Cloud SA;23456789000112;4200.0;15/05/2023;Roberto Lima;PAGO;DOC_0306.txt;2026-04-22 01:07:19;True;;;;;;;;;;;;;;;;;;;;;;;;;;;;;;;;;;;;;;;
NOTA_FISCAL;NF-46042;26/01/2023;Marketing Digital Pro;45678901000156;15000.0;13/02/2023;Ana Beatriz;PAGO;DOC_0307.txt;2026-04-22 01:07:21;True;;;;;;;;;;;;;;;;;;;;;;;;;;;;;;;;;;;;;;;
NOTA_FISCAL;NF-17992;01/02/2023;Marketing Digital Pro;45678901000156;8500.0;25/02/2023;Roberto Lima;ESTORNADO;DOC_0308.txt;2026-04-22 01:07:23;True;;;;;;;;;;;;;;;;;;;;;;;;;;;;;;;;;;;;;;;
CONTRATO_ADITIVO;NF-72873;20/05/2023;Consultoria RH Parceiros;34567890000134;8500.0;04/06/2023;Maria Silva;PENDENTE;DOC_0309.txt;2026-04-22 01:07:31;False;;;;;;;;;;;;;;;;;;;;;;;;;;;;;;;;;;;;;;;
FATURA;NF-88265;31/07/2024;Marketing Digital Pro;45678901000156;15000.0;19/08/2024;Carlos Mendes;PENDENTE;DOC_0310.txt;2026-04-22 01:07:38;True;;;;;;;;;;;;;;;;;;;;;;;;;;;;;;;;;;;;;;;
RECIBO;NF-42487;26/02/2023;TechSoft Ltda;12345678000190;12000.0;27/03/2023;Carlos Mendes;PAGO;DOC_0311.txt;2026-04-22 01:07:41;True;01/03/2023;Implantação de Módulo;Banco do Brasil Ag.1234 C/C 56789-0;;;;;;;;;;;;;;;;;;;;;;;;;;;;;;;;;;;;
FATURA;FAT-31200;05/06/2024;TechSoft Ltda;12345678000190;0.0;10/06/2024;Maria Silva;PAGO;DOC_0312.txt;2026-04-22 01:07:43;False;;;;;;;;;;;;;;;;;;;;;;;;;;;;;;;;;;;;;;;
FATURA;NF-83807;23/01/2025;DataCenter Cloud SA;23456789000112;3500.0;17/02/2025;Fernanda Costa;PAGO;DOC_0313.txt;2026-04-22 01:07:50;True;;;;;;;;;;;;;;;;;;;;;;;;;;;;;;;;;;;;;;;
RECIBO;NF-12612;29/06/2023;Marketing Digital Pro;45678901000156;4200.0;15/07/2023;Carlos Mendes;PAGO;DOC_0314.txt;2026-04-22 01:07:53;True;;;;;;;;;;;;;;;;;;;;;;;;;;;;;;;;;;;;;;;
NOTA_FISCAL;NF-17806;02/12/2023;Marketing Digital Pro;45678901000156;85000.0;05/01/2024;Ana Beatriz;PENDENTE;DOC_0315.txt;2026-04-22 01:07:55;True;;;;;;;;;;;;;;;;;;;;;;;;;;;;;;;;;;;;;;;
NOTA_FISCAL;NF-54113;27/02/2025;DataCenter Cloud SA;23456789000112;12000.0;07/03/2025;Ana Beatriz;PAGO;DOC_0316.txt;2026-04-22 01:08:03;True;;;;;;;;;;;;;;;;;;;;;;;;;;;;;;;;;;;;;;;
NOTA_FISCAL;NF-39260;08/06/2023;Consultoria RH Parceiros;34567890000134;19500.0;05/07/2023;Carlos Mendes;PENDENTE;DOC_0317.txt;2026-04-22 01:08:05;True;;;;;;;;;;;;;;;;;;;;;;;;;;;;;;;;;;;;;;;
NOTA_FISCAL;NF-84381;18/01/2024;Limpeza & Facilities;56789012000178;10000.0;02/02/2024;Carlos Mendes;CANCELADO;DOC_0318.txt;2026-04-22 01:08:13;True;;;;;;;;;;;;;;;;;;;;;;;;;;;;;;;;;;;;;;;
FATURA;NF-41194;18/09/2024;DataCenter Cloud SA;23456789000112;4200.0;26/09/2024;Carlos Mendes;PAGO;DOC_0319.txt;2026-04-22 01:08:15;True;;;;;;;;;;;;;;;;;;;;;;;;;;;;;;;;;;;;;;;
NOTA_FISCAL;NF-42707;13/10/2024;Consultoria RH Parceiros;34567890000134;12000.0;11/11/2024;Maria Silva;PAGO;DOC_0320.txt;2026-04-22 01:08:23;False;;;;;;;;;;;;;;;;;;;;;;;;;;;;;;;;;;;;;;;
FATURA;NF-31802;20/09/2023;TechSoft Ltda;12345678000190;3500.0;16/10/2023;Roberto Lima;CANCELADO;DOC_0321.txt;2026-04-22 01:08:25;True;;;;;;;;;;;;;;;;;;;;;;;;;;;;;;;;;;;;;;;
CONTRATO_ADITIVO;NF-69151;23/12/2023;Marketing Digital Pro;45678901000156;4200.0;13/01/2024;Fernanda Costa;PAGO;DOC_0322.txt;2026-04-22 01:08:27;True;;;;;;;;;;;;;;;;;;;;;;;;;;;;;;;;;;;;;;;
RECIBO;NF-31090;19/01/2023;TechSoft Ltda;12345678000190;4200.0;01/02/2023;Ana Beatriz;CANCELADO;DOC_0323.txt;2026-04-22 01:08:35;True;;;;;;;;;;;;;;;;;;;;;;;;;;;;;;;;;;;;;;;
NOTA_FISCAL;NF-30591;09/12/2023;TechSoft Ltda;12345678000190;19500.0;02/01/2024;Roberto Lima;CANCELADO;DOC_0324.txt;2026-04-22 01:08:37;True;;;;;;;;;;;;;;;;;;;;;;;;;;;;;;;;;;;;;;;
FATURA;NF-16505;27/07/2023;TechSoft Ltda;12345678000190;10000.0;06/08/2023;Ana Beatriz;PAGO;DOC_0325.txt;2026-04-22 01:08:45;True;;;;;;;;;;;;;;;;;;;;;;;;;;;;;;;;;;;;;;;
NOTA_FISCAL;NF-36171;2023-06-05;Limpeza & Facilities;56789012000178;35000.0;2023-06-09;Maria Silva;ESTORNADO;DOC_0326.txt;2026-04-22 01:08:47;False;2023-06-07;Jardinagem e Áreas Verdes;;;;;;;;;;;;;;;;;;;;;;;;;;;;;;;;;;;;;
NOTA_FISCAL;NF-71727;22/06/2023;TechSoft Ltda;12345678000190;4200.0;15/07/2023;Maria Silva;CANCELADO;DOC_0327.txt;2026-04-22 01:08:50;True;;;;;;;;;;;;;;;;;;;;;;;;;;;;;;;;;;;;;;;
NOTA_FISCAL;NF-68428;16/10/2024;Consultoria RH Parceiros;34567890000134;6000.0;06/11/2024;Roberto Lima;PAGO;DOC_0328.txt;2026-04-22 01:08:57;True;;;;;;;;;;;;;;;;;;;;;;;;;;;;;;;;;;;;;;;
NOTA_FISCAL;NF-21233;20/04/2024;Consultoria RH Parceiros;34567890000134;10000.0;30/04/2024;Maria Silva;PAGO;DOC_0329.txt;2026-04-22 01:09:00;False;;;;;;;;;;;;;;;;;;;;;;;;;;;;;;;;;;;;;;;
CONTRATO_ADITIVO;NF-85066;12/02/2025;Consultoria RH Parceiros;34567890000134;3500.0;04/03/2025;Fernanda Costa;ESTORNADO;DOC_0330.txt;2026-04-22 01:09:07;True;;;;;;;;;;;;;;;;;;;;;;;;;;;;;;;;;;;;;;;
RECIBO;NF-25765;17/03/2023;Marketing Digital Pro;45678901000156;3500.0;04/04/2023;Fernanda Costa;PAGO;DOC_0331.txt;2026-04-22 01:09:10;True;;;;;;;;;;;;;;;;;;;;;;;;;;;;;;;;;;;;;;;
NOTA_FISCAL;NF-36465;20/06/2023;Marketing Digital Pro;45678901000156;600000.0;28/06/2023;Roberto Lima;CANCELADO;DOC_0332.txt;2026-04-22 01:09:12;True;;;;;;;;;;;;;;;;;;;;;;;;;;;;;;;;;;;;;;;
RECIBO;NF-82358;19/11/2023;DataCenter Cloud SA;23456789000112;4200.0;24/12/2023;Roberto Lima;CANCELADO;DOC_0333.txt;2026-04-22 01:09:19;True;;;;;;;;;;;;;;;;;;;;;;;;;;;;;;;;;;;;;;;
NOTA_FISCAL;NF-84264;2023-01-08;Consultoria RH Parceiros;34567890000134;1500000.0;2023-02-08;Roberto Lima;PAGO;DOC_0334.txt;2026-04-22 01:09:22;True;;;;;;;;;;;;;;;;;;;;;;;;;;;;;;;;;;;;;;;
NOTA_FISCAL;NF-60206;19/04/2023;Limpeza & Facilities;56789012000178;10000.0;08/05/2023;Ana Beatriz;PAGO;DOC_0335.txt;2026-04-22 01:09:24;True;;;;;;;;;;;;;;;;;;;;;;;;;;;;;;;;;;;;;;;
NOTA_FISCAL;NF-15083;06/02/2023;Marketing Digital Pro;45678901000156;15000.0;14/02/2023;Fernanda Costa;CANCELADO;DOC_0336.txt;2026-04-22 01:09:32;True;;;;;;;;;;;;;;;;;;;;;;;;;;;;;;;;;;;;;;;
NOTA_FISCAL;NF-50756;17/02/2023;Consultoria RH Parceiros;34567890000134;10000.0;16/03/2023;Maria Silva;PAGO;DOC_0337.txt;2026-04-22 01:09:34;False;;;;;;;;;;;;;;;;;;;;;;;;;;;;;;;;;;;;;;;
NOTA_FISCAL;NF-34633;20/08/2023;Marketing Digital Pro;45678901000156;19500.0;27/08/2023;Ana Beatriz;PAGO;DOC_0338.txt;2026-04-22 01:09:36;True;;;;;;;;;;;;;;;;;;;;;;;;;;;;;;;;;;;;;;;
CONTRATO_ADITIVO;NF-50779;2025-01-24;DataCenter Cloud SA;23456789000112;120000.0;2025-02-13;Fernanda Costa;PAGO;DOC_0339.txt;2026-04-22 01:09:44;True;;Hospedagem Cloud;Banco do Brasil Ag.1234 C/C 56789-0;;;;;;;;;;;;;;;;;;;;;;;;;;;;;;;;;;;;
CONTRATO_ADITIVO;NF-42701;15/05/2023;Limpeza & Facilities;56789012000178;3500.0;13/06/2023;Carlos Mendes;PAGO;DOC_0340.txt;2026-04-22 01:09:51;True;;;;;;;;;;;;;;;;;;;;;;;;;;;;;;;;;;;;;;;
NOTA_FISCAL;NF-93284;04/01/2024;Marketing Digital Pro;45678901000156;10000.0;28/01/2024;Roberto Lima;CANCELADO;DOC_0341.txt;2026-04-22 01:09:54;True;;;;;;;;;;;;;;;;;;;;;;;;;;;;;;;;;;;;;;;
NOTA_FISCAL;NF-55121;13/01/2024;TechSoft Ltda;12345678000190;19.5;02/02/2024;Roberto Lima;PENDENTE;DOC_0342.txt;2026-04-22 01:09:56;True;;;;;;;;;;;;;;;;;;;;;;;;;;;;;;;;;;;;;;;
NOTA_FISCAL;NF-94853;16/10/2023;Consultoria RH Parceiros;34567890000134;3500.0;20/10/2023;Fernanda Costa;PAGO;DOC_0343.txt;2026-04-22 01:10:04;True;;;;;;;;;;;;;;;;;;;;;;;;;;;;;;;;;;;;;;;
RECIBO;NF-88792;25/10/2024;DataCenter Cloud SA;23456789000112;3500.0;12/11/2024;Roberto Lima;PAGO;DOC_0344.txt;2026-04-22 01:10:06;True;;;;;;;;;;;;;;;;;;;;;;;;;;;;;;;;;;;;;;;
NOTA_FISCAL;NF-43029;14/09/2023;TechSoft Ltda;12345678000190;10000.0;06/10/2023;Roberto Lima;ESTORNADO;DOC_0345.txt;2026-04-22 01:10:08;True;;;;;;;;;;;;;;;;;;;;;;;;;;;;;;;;;;;;;;;
RECIBO;NF-83591;20/11/2024;Marketing Digital Pro;45678901000156;15000.0;11/12/2024;Maria Silva;PENDENTE;DOC_0346.txt;2026-04-22 01:10:16;False;;;;;;;;;;;;;;;;;;;;;;;;;;;;;;;;;;;;;;;
RECIBO;NF-46291;02/11/2023;Limpeza & Facilities;56789012000178;19500.0;24/11/2023;Ana Beatriz;PENDENTE;DOC_0347.txt;2026-04-22 01:10:18;True;;;;;;;;;;;;;;;;;;;;;;;;;;;;;;;;;;;;;;;
NOTA_FISCAL;NF-13336;02/06/2023;Consultoria RH Parceiros;34567890000134;3500.0;20/06/2023;Roberto Lima;PAGO;DOC_0348.txt;2026-04-22 01:10:26;True;;;;;;;;;;;;;;;;;;;;;;;;;;;;;;;;;;;;;;;
RECIBO;NF-54979;20/09/2023;Marketing Digital Pro;45678901000156;15000.0;23/10/2023;Maria Silva;PAGO;DOC_0349.txt;2026-04-22 01:10:28;False;;;;;;;;;;;;;;;;;;;;;;;;;;;;;;;;;;;;;;;
NOTA_FISCAL;NF-22793;14/11/2024;DataCenter Cloud SA;23456789000112;10000.0;30/11/2024;Fernanda Costa;;DOC_0350.txt;2026-04-22 01:10:31;True;;;;;;;;;;;;PAGO;;;;;;;;;;;;;;;;;;;;;;;;;;;
RECIBO;NF-39272;08/01/2025;DataCenter Cloud SA;23456789000112;6000.0;07/02/2025;Maria Silva;PENDENTE;DOC_0351.txt;2026-04-22 01:10:38;False;;;;;;;;;;;;;;;;;;;;;;;;;;;;;;;;;;;;;;;
CONTRATO_ADITIVO;NF-25437;2025-03-16;Consultoria RH Parceiros;34567890000134;12000.0;2025-04-16;Fernanda Costa;ESTORNADO;DOC_0352.txt;2026-04-22 01:10:41;True;;;;;;;;;;;;;;;;;;;;;;;;;;;;;;;;;;;;;;;
NOTA_FISCAL;NF-17086;28/04/2024;TechSoft Ltda;12345678000190;4200.0;27/05/2024;Fernanda Costa;CANCELADO;DOC_0353.txt;2026-04-22 01:10:43;True;;;;;;;;;;;;;;;;;;;;;;;;;;;;;;;;;;;;;;;
NOTA_FISCAL;NF-73908;22/07/2023;DataCenter Cloud SA;23456789000112;19500.0;05/08/2023;Ana Beatriz;PAGO;DOC_0354.txt;2026-04-22 01:10:51;True;;;;;;;;;;;;;;;;;;;;;;;;;;;;;;;;;;;;;;;
FATURA;NF-74169;11/10/2024;DataCenter Cloud SA;23456789000112;19500.0;13/10/2024;Carlos Mendes;PAGO;DOC_0355.txt;2026-04-22 01:10:53;True;;;;;;;;;;;;;;;;;;;;;;;;;;;;;;;;;;;;;;;
NOTA_FISCAL;NF-10611;16/09/2024;TechSoft Ltda;12345678000190;15000.0;05/10/2024;Roberto Lima;CANCELADO;DOC_0356.txt;2026-04-22 01:11:01;True;;;;;;;;;;;;;;;;;;;;;;;;;;;;;;;;;;;;;;;
NOTA_FISCAL;NF-92141;18/01/2025;Limpeza & Facilities;56789012000178;12000.0;30/01/2025;Carlos Mendes;PAGO;DOC_0357.txt;2026-04-22 01:11:03;True;;;;;;;;;;;;;;;;;;;;;;;;;;;;;;;;;;;;;;;
NOTA_FISCAL;NF-31891;09/12/2024;DataCenter Cloud SA;23456789000112;10000.0;09/01/2025;Maria Silva;PAGO;DOC_0358.txt;2026-04-22 01:11:11;False;;;;;;;;;;;;;;;;;;;;;;;;;;;;;;;;;;;;;;;
RECIBO;NF-57087;20/10/2023;TechSoft Ltda;12345678000190;12000.0;09/11/2023;Carlos Mendes;ESTORNADO;DOC_0359.txt;2026-04-22 01:11:14;True;;;;;;;;;;;;;;;;;;;;;;;;;;;;;;;;;;;;;;;
NOTA_FISCAL;NF-26143;17/02/2024;DataCenter Cloud SA;23456789000112;8500.0;19/02/2024;Carlos Mendes;PAGO;DOC_0360.txt;2026-04-22 01:11:21;True;;;;;;;;;;;;;;;;;;;;;;;;;;;;;;;;;;;;;;;
CONTRATO_ADITIVO;NF-16322;2024-10-13;TechSoft Ltda;12345678000190;3500.0;2024-10-26;Maria Silva;PAGO;DOC_0361.txt;2026-04-22 01:11:23;False;;;;;;;;;;;;;;;;;;;;;;;;;;;;;;;;;;;;;;;
CONTRATO_ADITIVO;NF-49467;30/03/2024;TechSoft Ltda;12345678000190;10000.0;12/04/2024;Carlos Mendes;PAGO;DOC_0362.txt;2026-04-22 01:11:26;True;;;;;;;;;;;;;;;;;;;;;;;;;;;;;;;;;;;;;;;
RECIBO;NF-47054;24/09/2024;TechSoft Ltda;12345678000190;6000.0;19/10/2024;Maria Silva;PAGO;DOC_0363.txt;2026-04-22 01:11:28;False;;;;;;;;;;;;;;;;;;;;;;;;;;;;;;;;;;;;;;;
NOTA_FISCAL;NF-48712;2023-07-22;TechSoft Ltda;12345678000190;10000.0;2023-08-12;Carlos Mendes;CANCELADO;DOC_0364.txt;2026-04-22 01:11:36;True;;;;;;;;;;;;;;;;;;;;;;;;;;;;;;;;;;;;;;;
NOTA_FISCAL;NF-24474;2023-07-29;TechSoft Ltda;12345678000190;12000.0;2023-08-24;Maria Silva;PAGO;DOC_0365.txt;2026-04-22 01:11:38;False;;;;;;;;;;;;;;;;;;;;;;;;;;;;;;;;;;;;;;;
NOTA_FISCAL;NF-48800;29/05/2023;Limpeza & Facilities;56789012000178;4200.0;05/06/2023;Ana Beatriz;ESTORNADO;DOC_0366.txt;2026-04-22 01:11:46;True;;;;;;;;;;;;;;;;;;;;;;;;;;;;;;;;;;;;;;;
NOTA_FISCAL;NF-25191;12/04/2023;Marketing Digital Pro;45678901000156;3500.0;10/05/2023;Ana Beatriz;CANCELADO;DOC_0367.txt;2026-04-22 01:11:48;True;;;;;;;;;;;;;;;;;;;;;;;;;;;;;;;;;;;;;;;
NOTA_FISCAL;NF-22183;17/05/2023;TechSoft Ltda;12345678000190;6000.0;13/06/2023;Ana Beatriz;PAGO;DOC_0368.txt;2026-04-22 01:11:50;True;;;;;;;;;;;;;;;;;;;;;;;;;;;;;;;;;;;;;;;
NOTA_FISCAL;NF-95045;24/04/2023;Consultoria RH Parceiros;34567890000134;195000.0;10/05/2023;Roberto Lima;CANCELADO;DOC_0369.txt;2026-04-22 01:11:58;True;;;;;;;;;;;;;;;;;;;;;;;;;;;;;;;;;;;;;;;
NOTA_FISCAL;NF-84572;11/05/2023;DataCenter Cloud SA;23456789000112;3500.0;08/06/2023;Maria Silva;ESTORNADO;DOC_0370.txt;2026-04-22 01:12:00;False;;;;;;;;;;;;;;;;;;;;;;;;;;;;;;;;;;;;;;;
NOTA_FISCAL;NF-63907;15/09/2024;Marketing Digital Pro;45678901000156;3500.0;30/09/2024;Roberto Lima;PAGO;DOC_0371.txt;2026-04-22 01:12:08;True;;;;;;;;;;;;;;;;;;;;;;;;;;;;;;;;;;;;;;;
NOTA_FISCAL;NF-97797;23/09/2023;TechSoft Ltda;12345678000190;3500.0;16/10/2023;Fernanda Costa;PAGO;DOC_0372.txt;2026-04-22 01:12:10;True;;;;;;;;;;;;;;;;;;;;;;;;;;;;;;;;;;;;;;;
NOTA_FISCAL;NF-83183;14/03/2024;Limpeza & Facilities;56789012000178;8500.0;10/04/2024;Ana Beatriz;PAGO;DOC_0373.txt;2026-04-22 01:12:13;True;;;;;;;;;;;;;;;;;;;;;;;;;;;;;;;;;;;;;;;
NOTA_FISCAL;NF-52026;19/10/2024;TechSoft Ltda;12345678000190;19500.0;19/11/2024;Carlos Mendes;ESTORNADO;DOC_0374.txt;2026-04-22 01:12:20;True;;;;;;;;;;;;;;;;;;;;;;;;;;;;;;;;;;;;;;;
RECIBO;NF-68220;20/02/2023;Consultoria RH Parceiros;34567890000134;15000.0;10/03/2023;Carlos Mendes;ESTORNADO;DOC_0375.txt;2026-04-22 01:12:22;True;;;;;;;;;;;;;;;;;;;;;;;;;;;;;;;;;;;;;;;
NOTA_FISCAL;NF-23453;29/03/2023;Limpeza & Facilities;56789012000178;19500.0;29/04/2023;Maria Silva;PAGO;DOC_0376.txt;2026-04-22 01:12:25;False;;;;;;;;;;;;;;;;;;;;;;;;;;;;;;;;;;;;;;;
NOTA_FISCAL;NF-95799;24/07/2024;Marketing Digital Pro;45678901000156;4200.0;11/08/2024;Fernanda Costa;PAGO;DOC_0377.txt;2026-04-22 01:12:32;True;;;;;;;;;;;;;;;;;;;;;;;;;;;;;;;;;;;;;;;
FATURA;NF-96136;08/01/2024;Marketing Digital Pro;45678901000156;8500.0;04/02/2024;Ana Beatriz;ESTORNADO;DOC_0378.txt;2026-04-22 01:12:35;True;08/01/2024;SEO e Analytics;Caixa Ag.0023 C/C 44321-0;;;;;;;;;;;;;;;;;;;;;;;;;;;;;;;;;;;;
Nota Fiscal;NF-81786;05/04/2023;Marketing Digital Pro;45678901000156;850000.0;05/05/2023;Ana Beatriz;PAGO;DOC_0379.txt;2026-04-22 01:12:42;True;;;;;;;;;;;;;;;;;;;;;;;;;;;;;;;;;;;;;;;
NOTA_FISCAL;NF-90065;15/02/2023;Consultoria RH Parceiros;34567890000134;19500.0;17/03/2023;Roberto Lima;PAGO;DOC_0380.txt;2026-04-22 01:12:44;True;;;;;;;;;;;;;;;;;;;;;;;;;;;;;;;;;;;;;;;
NOTA_FISCAL;NF-93000;04/02/2024;DataCenter Cloud SA;23456789000112;8500.0;14/02/2024;Maria Silva;PAGO;DOC_0381.txt;2026-04-22 01:12:52;False;;;;;;;;;;;;;;;;;;;;;;;;;;;;;;;;;;;;;;;
NOTA_FISCAL;NF-10568;01/03/2025;Limpeza & Facilities;56789012000178;19500.0;30/03/2025;Fernanda Costa;ESTORNADO;DOC_0382.txt;2026-04-22 01:12:54;True;;;;;;;;;;;;;;;;;;;;;;;;;;;;;;;;;;;;;;;
CONTRATO_ADITIVO;NF-60778;18/08/2024;TechSoft Ltda;12345678000190;6000.0;07/09/2024;Carlos Mendes;PAGO;DOC_0383.txt;2026-04-22 01:13:02;True;;;;;;;;;;;;;;;;;;;;;;;;;;;;;;;;;;;;;;;
FATURA;NF-54939;28/05/2024;Limpeza & Facilities;56789012000178;15000.0;29/06/2024;Carlos Mendes;CANCELADO;DOC_0384.txt;2026-04-22 01:13:04;True;;;;;;;;;;;;;;;;;;;;;;;;;;;;;;;;;;;;;;;
NOTA_FISCAL;NF-36330;18/05/2023;Marketing Digital Pro;45678901000156;10000.0;05/06/2023;Ana Beatriz;PAGO;DOC_0385.txt;2026-04-22 01:13:07;True;;;;;;;;;;;;;;;;;;;;;;;;;;;;;;;;;;;;;;;
RECIBO;NF-25126;29/11/2024;Limpeza & Facilities;56789012000178;6000.0;16/12/2024;Fernanda Costa;PENDENTE;DOC_0386.txt;2026-04-22 01:13:09;True;;;;;;;;;;;;;;;;;;;;;;;;;;;;;;;;;;;;;;;
NOTA_FISCAL;NF-78515;14/08/2024;Consultoria RH Parceiros;34567890000134;15000.0;07/09/2024;Ana Beatriz;PAGO;DOC_0387.txt;2026-04-22 01:13:17;True;;;;;;;;;;;;;;;;;;;;;;;;;;;;;;;;;;;;;;;
CONTRATO_ADITIVO;NF-99573;24/05/2023;TechSoft Ltda;12345678000190;3500.0;31/05/2023;Ana Beatriz;PAGO;DOC_0388.txt;2026-04-22 01:13:19;True;;;;;;;;;;;;;;;;;;;;;;;;;;;;;;;;;;;;;;;
NOTA_FISCAL;NF-23432;06/12/2024;DataCenter Cloud SA;23456789000112;8500.0;03/01/2025;Maria Silva;ESTORNADO;DOC_0389.txt;2026-04-22 01:13:22;False;;;;;;;;;;;;;;;;;;;;;;;;;;;;;;;;;;;;;;;
NOTA_FISCAL;NF-60014;26/01/2025;Limpeza & Facilities;56789012000178;15000.0;20/02/2025;Fernanda Costa;PAGO;DOC_0390.txt;2026-04-22 01:13:29;True;;;;;;;;;;;;;;;;;;;;;;;;;;;;;;;;;;;;;;;
FATURA;NF-93071;19/07/2024;Marketing Digital Pro;45678901000156;10000.0;21/07/2024;Fernanda Costa;PAGO;DOC_0391.txt;2026-04-22 01:13:36;True;;;;;;;;;;;;;;;;;;;;;;;;;;;;;;;;;;;;;;;
NOTA_FISCAL;NF-32779;04/03/2025;Consultoria RH Parceiros;34567890000134;10000.0;29/03/2025;Carlos Mendes;PAGO;DOC_0392.txt;2026-04-22 01:13:39;True;;;;;;;;;;;;;;;;;;;;;;;;;;;;;;;;;;;;;;;
NOTA_FISCAL;NF-86544;19/01/2024;Limpeza & Facilities;56789012000178;10000.0;24/01/2024;Ana Beatriz;PAGO;DOC_0393.txt;2026-04-22 01:13:41;True;;;;;;;;;;;;;;;;;;;;;;;;;;;;;;;;;;;;;;;
NOTA_FISCAL;NF-91968;30/11/2023;Consultoria RH Parceiros;34567890000134;6000.0;20/12/2023;Carlos Mendes;PAGO;DOC_0394.txt;2026-04-22 01:13:44;True;;;;;;;;;;;;;;;;;;;;;;;;;;;;;;;;;;;;;;;
NOTA_FISCAL;NF-34100;19/03/2025;Consultoria RH Parceiros;34567890000134;12000.0;07/04/2025;Ana Beatriz;PAGO;DOC_0395.txt;2026-04-22 01:13:51;True;;;;;;;;;;;;;;;;;;;;;;;;;;;;;;;;;;;;;;;
NOTA_FISCAL;NF-96944;26/02/2024;TechSoft Ltda;12345678000190;15000.0;19/03/2024;Ana Beatriz;PAGO;DOC_0396.txt;2026-04-22 01:13:53;True;;;;;;;;;;;;;;;;;;;;;;;;;;;;;;;;;;;;;;;
FATURA;NF-68414;24/10/2023;Consultoria RH Parceiros;34567890000134;19500.0;04/11/2023;Maria Silva;PENDENTE;DOC_0397.txt;2026-04-22 01:14:01;False;;;;;;;;;;;;;;;;;;;;;;;;;;;;;;;;;;;;;;;
NOTA_FISCAL;NF-13238;08/02/2023;Limpeza & Facilities;56789012000178;15000.0;04/03/2023;Roberto Lima;PAGO;DOC_0398.txt;2026-04-22 01:14:03;True;;;;;;;;;;;;;;;;;;;;;;;;;;;;;;;;;;;;;;;
NOTA_FISCAL;NF-31940;11/05/2024;Consultoria RH Parceiros;34567890000134;8500.0;15/05/2024;Fernanda Costa;PAGO;DOC_0399.txt;2026-04-22 01:14:11;True;;;;;;;;;;;;;;;;;;;;;;;;;;;;;;;;;;;;;;;
NOTA_FISCAL;NF-94746;02/10/2024;Limpeza & Facilities;56789012000178;8500.0;06/10/2024;Maria Silva;CANCELADO;DOC_0400.txt;2026-04-22 01:14:13;True;;;;;;;;;;;;;;;;;;;;;;;;;;;;;;;;;;;;;;;
NOTA_FISCAL;NF-33329;20/01/2023;TechSoft Ltda;12345678000190;12000.0;09/02/2023;Maria Silva;PAGO;DOC_0401.txt;2026-04-22 01:14:16;False;;;;;;;;;;;;;;;;;;;;;;;;;;;;;;;;;;;;;;;
NOTA_FISCAL;NF-66757;10/08/2024;Consultoria RH Parceiros;34567890000134;10000.0;07/09/2024;Roberto Lima;CANCELADO;DOC_0402.txt;2026-04-22 01:14:23;True;;;;;;;;;;;;;;;;;;;;;;;;;;;;;;;;;;;;;;;
CONTRATO_ADITIVO;NF-19514;16/11/2024;TechSoft Ltda;12345678000190;3500.0;24/11/2024;Maria Silva;PAGO;DOC_0403.txt;2026-04-22 01:14:25;False;;;;;;;;;;;;;;;;;;;;;;;;;;;;;;;;;;;;;;;
NOTA_FISCAL;NF-59992;19/10/2023;Limpeza & Facilities;56789012000178;10000.0;19/11/2023;Maria Silva;ESTORNADO;DOC_0404.txt;2026-04-22 01:14:33;False;;;;;;;;;;;;;;;;;;;;;;;;;;;;;;;;;;;;;;;
NOTA_FISCAL;NF-49066;09/06/2023;TechSoft Ltda;12345678000190;6000.0;28/06/2023;Fernanda Costa;PAGO;DOC_0405.txt;2026-04-22 01:14:35;True;;;;;;;;;;;;;;;;;;;;;;;;;;;;;;;;;;;;;;;
NOTA_FISCAL;NF-80405;16/07/2024;Consultoria RH Parceiros;34567890000134;6000.0;17/08/2024;Maria Silva;CANCELADO;DOC_0406.txt;2026-04-22 01:14:38;True;;;;;;;;;;;;;;;;;;;;;;;;;;;;;;;;;;;;;;;
RECIBO;NF-31096;30/07/2023;TechSoft Ltda;12345678000190;120000.0;28/08/2023;Roberto Lima;PAGO;DOC_0407.txt;2026-04-22 01:14:45;True;;;;;;;;;;;;;;;;;;;;;;;;;;;;;;;;;;;;;;;
RECIBO;NF-48096;17/07/2023;DataCenter Cloud SA;23456789000112;3500.0;22/07/2023;Roberto Lima;PAGO;DOC_0408.txt;2026-04-22 01:14:48;True;;;;;;;;;;;;;;;;;;;;;;;;;;;;;;;;;;;;;;;
RECIBO;NF-23113;06/04/2023;TechSoft Ltda;12345678000190;19500.0;18/04/2023;Ana Beatriz;PAGO;DOC_0409.txt;2026-04-22 01:14:55;True;11/04/2023;Atualização de Sistema;Banco do Brasil Ag.1234 C/C 56789-0;;NLC0409398987;;;;;;;;;;;;;;;;;;;;;;;;;;;;;;;;;;
NOTA_FISCAL;NF-84128;15/07/2023;Limpeza & Facilities;56789012000178;19.5;29/07/2023;Fernanda Costa;PAGO;DOC_0410.txt;2026-04-22 01:14:57;True;;;;;;;;;;;;;;;;;;;;;;;;;;;;;;;;;;;;;;;
FATURA;NF-57118;14/03/2024;Consultoria RH Parceiros;34567890000134;12000.0;20/03/2024;Carlos Mendes;PAGO;DOC_0411.txt;2026-04-22 01:15:00;True;;;;;;;;;;;;;;;;;;;;;;;;;;;;;;;;;;;;;;;
NOTA_FISCAL;NF-94613;2024-04-16;Consultoria RH Parceiros;34567890000134;10000.0;2024-05-03;Fernanda Costa;PAGO;DOC_0412.txt;2026-04-22 01:15:07;True;;;;;;;;;;;;;;;;;;;;;;;;;;;;;;;;;;;;;;;
RECIBO;NF-76476;20/05/2023;TechSoft Ltda;12345678000190;8500.0;22/06/2023;Maria Silva;Pago;DOC_0413.txt;2026-04-22 01:15:10;False;;;;;;;;;;;;;;;;;;;;;;;;;;;;;;;;;;;;;;;
CONTRATO_ADITIVO;NF-95709;2025-02-25;TechSoft Ltda;12345678000190;350000.0;2025-03-17;Ana Beatriz;ESTORNADO;DOC_0414.txt;2026-04-22 01:15:17;True;;;;;;;;;;;;;;;;;;;;;;;;;;;;;;;;;;;;;;;
FATURA;NF-62007;02/02/2024;DataCenter Cloud SA;23456789000112;10000.0;14/02/2024;Roberto Lima;PAGO;DOC_0415.txt;2026-04-22 01:15:20;True;;Backup Gerenciado;;;;;;;;;;;;;;;;;;;;;;;;;;;;;;;;;;;;;
NOTA_FISCAL;NF-33480;05/11/2024;Limpeza & Facilities;56789012000178;6000.0;2024-11-17;Carlos Mendes;PAGO;DOC_0416.txt;2026-04-22 01:15:22;True;;;;;;;;;;;;;2024-11-17;;;;;;;;;;;;;;;;;;;;;;;;;;
NOTA_FISCAL;NF-18239;20/01/2025;Limpeza & Facilities;56789012000178;12000.0;16/02/2025;Carlos Mendes;PAGO;DOC_0417.txt;2026-04-22 01:15:29;True;;;;;;;;;;;;;;;;;;;;;;;;;;;;;;;;;;;;;;;
NOTA_FISCAL;NF-15230;12/02/2023;Consultoria RH Parceiros;34567890000134;12000.0;07/03/2023;Roberto Lima;PAGO;DOC_0418.txt;2026-04-22 01:15:37;True;;;;;;;;;;;;;;;;;;;;;;;;;;;;;;;;;;;;;;;
NOTA_FISCAL;NF-59369;16/12/2024;Consultoria RH Parceiros;34567890000134;10000.0;07/01/2025;Fernanda Costa;PAGO;DOC_0419.txt;2026-04-22 01:15:39;True;;;;;;;;;;;;;;;;;;;;;;;;;;;;;;;;;;;;;;;
FATURA;NF-56255;24/08/2024;Marketing Digital Pro;45678901000156;10000.0;14/09/2024;Carlos Mendes;CANCELADO;DOC_0420.txt;2026-04-22 01:15:42;True;;;;;;;;;;;;;;;;;;;;;;;;;;;;;;;;;;;;;;;
NOTA_FISCAL;NF-40145;18/03/2025;Consultoria RH Parceiros;34567890000134;3500.0;07/04/2025;Carlos Mendes;PAGO;DOC_0421.txt;2026-04-22 01:15:44;True;;;;;;;;;;;;;;;;;;;;;;;;;;;;;;;;;;;;;;;
RECIBO;NF-64344;04/08/2023;Limpeza & Facilities;56789012000178;6000.0;10/08/2023;Fernanda Costa;PAGO;DOC_0422.txt;2026-04-22 01:15:52;True;;;;;;;;;;;;;;;;;;;;;;;;;;;;;;;;;;;;;;;
NOTA_FISCAL;NF-12942;05/05/2024;Consultoria RH Parceiros;34567890000134;19500.0;30/05/2024;Fernanda Costa;CANCELADO;DOC_0423.txt;2026-04-22 01:15:59;True;;;;;;;;;;;;;;;;;;;;;;;;;;;;;;;;;;;;;;;
NOTA_FISCAL;NF-17328;09/08/2024;TechSoft Ltda;12345678000190;6000.0;29/08/2024;Maria Silva;PAGO;DOC_0424.txt;2026-04-22 01:16:01;False;;;;;;;;;;;;;;;;;;;;;;;;;;;;;;;;;;;;;;;
NOTA_FISCAL;NF-89498;09/06/2024;Consultoria RH Parceiros;34567890000134;3500.0;26/06/2024;Maria Silva;ESTORNADO;DOC_0425.txt;2026-04-22 01:16:04;False;;;;;;;;;;;;;;;;;;;;;;;;;;;;;;;;;;;;;;;
NOTA_FISCAL;NF-31983;13/08/2023;Marketing Digital Pro;4578901000156;60000.0;09/09/2023;Carlos Mendes;PAGO;DOC_0426.txt;2026-04-22 01:16:11;True;;;;;;;;;;;;;;;;;;;;;;;;;;;;;;;;;;;;;;;
NOTA_FISCAL;NF-12170;02/09/2024;Consultoria RH Parceiros;34567890000134;8500.0;21/09/2024;Roberto Lima;PAGO;DOC_0427.txt;2026-04-22 01:16:14;True;;;;;;;;;;;;;;;;;;;;;;;;;;;;;;;;;;;;;;;
CONTRATO_ADITIVO;NF-79655;03/06/2023;Limpeza & Facilities;56789012000178;6000.0;23/06/2023;Fernanda Costa;PAGO;DOC_0428.txt;2026-04-22 01:16:16;True;;;;;;;;;;;;;;;;;;;;;;;;;;;;;;;;;;;;;;;
NOTA_FISCAL;NF-15693;07/05/2024;TechSoft Ltda;12345678000190;3500.0;30/05/2024;Fernanda Costa;PENDENTE;DOC_0429.txt;2026-04-22 01:16:23;True;08/05/2024;;;;;;;;;;;;;;;;;;;;;;;;;;;;;;;;;;;;;;
CONTRATO_ADITIVO;NF-65769;2023-08-20;Limpeza & Facilities;56789012000178;1500000.0;2023-09-18;Fernanda Costa;PAGO;DOC_0430.txt;2026-04-22 01:16:26;True;;;;;;;;;;;;;;;;;;;;;;;;;;;;;;;;;;;;;;;
NOTA_FISCAL;NF-34775;23/02/2025;Consultoria RH Parceiros;34567890000134;10000.0;03/03/2025;Fernanda Costa;PAGO;DOC_0431.txt;2026-04-22 01:16:33;True;;;;;;;;;;;;;;;;;;;;;;;;;;;;;;;;;;;;;;;
NOTA_FISCAL;NF-30287;13/06/2024;TechSoft Ltda;12345678000190;8500.0;17/06/2024;Roberto Lima;PAGO;DOC_0432.txt;2026-04-22 01:16:35;True;;;;;;;;;;;;;;;;;;;;;;;;;;;;;;;;;;;;;;;
RECIBO;NF-99208;21/09/2023;Limpeza & Facilities;56789012000178;15000.0;23/10/2023;Ana Beatriz;PAGO;DOC_0433.txt;2026-04-22 01:16:38;True;;;;;;;;;;;;;;;;;;;;;;;;;;;;;;;;;;;;;;;
CONTRATO_ADITIVO;NF-43263;15/07/2024;DataCenter Cloud SA;23456789000112;19500.0;14/08/2024;Ana Beatriz;ESTORNADO;DOC_0434.txt;2026-04-22 01:16:45;True;;Backup Gerenciado;;;;;;;;;;;;;;;;;;;;;;;;;;;;;;;;;;;;;
FATURA;NF-23143;28/02/2025;Limpeza & Facilities;56789012000178;60000.0;26/03/2025;Carlos Mendes;PAGO;DOC_0435.txt;2026-04-22 01:16:48;True;;;;;;;;;;;;;;;;;;;;;;;;;;;;;;;;;;;;;;;
CONTRATO_ADITIVO;NF-29048;15/03/2025;Limpeza & Facilities;56789012000178;35000.0;26/03/2025;Roberto Lima;PAGO;DOC_0436.txt;2026-04-22 01:16:55;True;;;;;;;;;;;;;;;;;;;;;;;;;;;;;;;;;;;;;;;
CONTRATO_ADITIVO;NF-60374;30/03/2023;Limpeza & Facilities;56789012000178;8500.0;04/04/2023;Maria Silva;PAGO;DOC_0437.txt;2026-04-22 01:16:57;False;;Controle de Pragas;;;;;;;;;;;;;;;;;;;;;;;;;;;;;;;;;;;;;
RECIBO;NF-96099;29/12/2024;Limpeza & Facilities;56789012000178;6000.0;18/01/2025;Roberto Lima;PAGO;DOC_0438.txt;2026-04-22 01:17:00;True;;;;;;;;;;;;;;;;;;;;;;;;;;;;;;;;;;;;;;;
RECIBO;NF-41359;15/07/2023;Limpeza & Facilities;56789012000178;8500.0;21/07/2023;Carlos Mendes;PENDENTE;DOC_0439.txt;2026-04-22 01:17:07;True;;;;;;;;;;;;;;;;;;;;;;;;;;;;;;;;;;;;;;;
NOTA_FISCAL;NF-77861;27/03/2023;TechSoft Ltda;12345678000190;12000.0;08/04/2023;Roberto Lima;PAGO;DOC_0440.txt;2026-04-22 01:17:10;True;;;;;;;;;;;;;;;;;;;;;;;;;;;;;;;;;;;;;;;
NOTA_FISCAL;NF-69606;16/07/2024;TechSoft Ltda;12345678000190;12000.0;26/07/2024;Ana Beatriz;PAGO;DOC_0441.txt;2026-04-22 01:17:17;True;;;;;;;;;;;;;;;;;;;;;;;;;;;;;;;;;;;;;;;
NOTA_FISCAL;NF-54560;22/09/2023;Limpeza & Facilities;56789012000178;4200.0;01/10/2023;Maria Silva;PAGO;DOC_0442.txt;2026-04-22 01:17:20;False;;;;;;;;;;;;;;;;;;;;;;;;;;;;;;;;;;;;;;;
RECIBO;NF-41886;30/06/2024;Limpeza & Facilities;56789012000178;10000.0;31/07/2024;Roberto Lima;ESTORNADO;DOC_0443.txt;2026-04-22 01:17:22;True;;;;;;;;;;;;;;;;;;;;;;;;;;;;;;;;;;;;;;;
NOTA_FISCAL;NF-60157;24/11/2024;Consultoria RH Parceiros;34567890000134;3500.0;13/12/2024;Maria Silva;PAGO;DOC_0444.txt;2026-04-22 01:17:30;False;;;;;;;;;;;;;;;;;;;;;;;;;;;;;;;;;;;;;;;
NOTA_FISCAL;NF-42539;27/03/2025;DataCenter Cloud SA;23456789000112;12000.0;10/04/2025;Fernanda Costa;PAGO;DOC_0445.txt;2026-04-22 01:17:32;True;;;;;;;;;;;;;;;;;;;;;;;;;;;;;;;;;;;;;;;
CONTRATO_ADITIVO;NF-56338;18/11/2024;TechSoft Ltda;12345678000190;4200.0;14/12/2024;Carlos Mendes;PENDENTE;DOC_0446.txt;2026-04-22 01:17:39;True;;;;;;;;;;;;;;;;;;;;;;;;;;;;;;;;;;;;;;;
RECIBO;NF-44787;02/07/2023;Limpeza & Facilities;56789012000178;8500.0;31/07/2023;Carlos Mendes;PAGO;DOC_0447.txt;2026-04-22 01:17:42;True;;;;;;;;;;;;;;;;;;;;;;;;;;;;;;;;;;;;;;;
NOTA_FISCAL;NF-98580;09/09/2023;DataCenter Cloud SA;23456789000112;12000.0;10/10/2023;Maria Silva;PAGO;DOC_0448.txt;2026-04-22 01:17:44;False;;Backup Gerenciado;;;;;;;;;;;;;;;;;;;;;;;;;;;;;;;;;;;;;
NOTA_FISCAL;NF-74532;17/02/2025;Marketing Digital Pro;45678901000156;3500.0;21/03/2025;Ana Beatriz;PENDENTE;DOC_0449.txt;2026-04-22 01:17:52;True;;;;;;;;;;;;;;;;;;;;;;;;;;;;;;;;;;;;;;;
NOTA_FISCAL;NF-17097;07/07/2023;Serviços Gamma SA;33444555000166;10000.0;01/08/2023;Carlos Mendes;PAGO;DOC_0450.txt;2026-04-22 01:17:54;True;;;;;;;;;;;;;;;;;;;;;;;;;;;;;;;;;;;;;;;
NOTA_FISCAL;NF-77922;03/07/2024;Consultoria Beta Ltda;22333444000155;12000.0;09/07/2024;Carlos Mendes;PAGO;DOC_0451.txt;2026-04-22 01:17:57;True;;;;;;;;;;;;;;;;;;;;;;;;;;;;;;;;;;;;;;;
NOTA_FISCAL;NF-34530;18/11/2024;TechSoft Ltda;12345678000190;4200.0;28/11/2024;Ana Beatriz;PAGO;DOC_0452.txt;2026-04-22 01:18:04;True;;;;;;;;;;;;;;;;;;;;;;;;;;;;;;;;;;;;;;;
NOTA_FISCAL;NF-37594;29/09/2023;Consultoria RH Parceiros;34567890000134;12000.0;19/10/2023;Carlos Mendes;CANCELADO;DOC_0453.txt;2026-04-22 01:18:07;True;;;;;;;;;;;;;;;;;;;;;;;;;;;;;;;;;;;;;;;
FATURA;NF-23090;12/02/2024;Consultoria RH Parceiros;34567890000134;6000.0;24/02/2024;Carlos Mendes;PAGO;DOC_0454.txt;2026-04-22 01:18:14;True;;;;;;;;;;;;;;;;;;;;;;;;;;;;;;;;;;;;;;;
NOTA_FISCAL;NF-33148;19/07/2024;Consultoria RH Parceiros;34567890000134;8500.0;05/08/2024;Carlos Mendes;PAGO;DOC_0455.txt;2026-04-22 01:18:16;True;;;;;;;;;;;;;;;;;;;;;;;;;;;;;;;;;;;;;;;
NOTA_FISCAL;NF-62219;03/10/2024;Marketing Digital Pro;45678901000156;12000.0;24/10/2024;Ana Beatriz;PAGO;DOC_0456.txt;2026-04-22 01:18:24;True;;;;;;;;;;;;;;;;;;;;;;;;;;;;;;;;;;;;;;;
NOTA_FISCAL;NF-57312;07/08/2023;DataCenter Cloud SA;23456789000112;19500.0;05/09/2023;Roberto Lima;PAGO;DOC_0457.txt;2026-04-22 01:18:26;True;;;;;;;;;;;;;;;;;;;;;;;;;;;;;;;;;;;;;;;
RECIBO;NF-47304;16/12/2023;Limpeza & Facilities;56789012000178;4200.0;20/12/2023;Fernanda Costa;PAGO;DOC_0458.txt;2026-04-22 01:18:29;True;;;;;;;;;;;;;;;;;;;;;;;;;;;;;;;;;;;;;;;
NOTA_FISCAL;NF-92799;01/03/2025;Consultoria RH Parceiros;34567890000134;0.0;28/03/2025;Fernanda Costa;ESTORNADO;DOC_0459.txt;2026-04-22 01:18:36;True;;;;;;;;;;;;;;4200.0;;;;;;;;;;;;;;;;;;;;;;;;;
FATURA;NF-39912;03/03/2024;DataCenter Cloud SA;23456789000112;15000.0;28/03/2024;Maria Silva;PENDENTE;DOC_0460.txt;2026-04-22 01:18:39;False;;Hospedagem Cloud;;;;;;;;;;;;;;;;;;;;;;;;;;;;;;;;;;;;;
RECIBO;NF-64262;24/12/2024;Consultoria RH Parceiros;34567890000134;15000.0;06/01/2025;Roberto Lima;ESTORNADO;DOC_0461.txt;2026-04-22 01:18:41;True;;;;;;;;;;;;;;;;;;;;;;;;;;;;;;;;;;;;;;;
NOTA_FISCAL;NF-23501;08/05/2023;DataCenter Cloud SA;23456789000112;10000.0;02/06/2023;Carlos Mendes;CANCELADO;DOC_0462.txt;2026-04-22 01:18:49;True;;;;;;;;;;;;;;;;;;;;;;;;;;;;;;;;;;;;;;;
NOTA_FISCAL;NF-91015;15/07/2024;TechSoft Ltda;12345678000190;15000.0;17/07/2024;Maria Silva;PAGO;DOC_0463.txt;2026-04-22 01:18:51;False;;;;;;;;;;;;;;;;;;;;;;;;;;;;;;;;;;;;;;;
CONTRATO_ADITIVO;NF-13744;13/11/2023;TechSoft Ltda;12345678000190;10000.0;21/11/2023;Carlos Mendes;PAGO;DOC_0464.txt;2026-04-22 01:18:59;True;;;;;;;;;;;;;;;;;;;;;;;;;;;;;;;;;;;;;;;
FATURA;NF-87441;28/04/2024;Consultoria RH Parceiros;34567890000134;10000.0;17/05/2024;Roberto Lima;PAGO;DOC_0465.txt;2026-04-22 01:19:01;True;;Gestão de Benefícios;;;;;;;;;;;;;;;;;;;;;;;;;;;;;;;;;;;;;
CONTRATO_ADITIVO;NF-21738;15/06/2024;Marketing Digital Pro;45678901000156;10000.0;11/07/2024;Roberto Lima;PAGO;DOC_0466.txt;2026-04-22 01:19:04;True;;;;;;;;;;;;;;;;;;;;;;;;;;;;;;;;;;;;;;;
FATURA;NF-55073;26/02/2024;Consultoria RH Parceiros;34567890000134;10000.0;07/03/2024;Maria Silva;PAGO;DOC_0467.txt;2026-04-22 01:19:11;False;;;;;;;;;;;;;;;;;;;;;;;;;;;;;;;;;;;;;;;
NOTA_FISCAL;NF-88250;02/12/2024;Marketing Digital Pro;45678901000156;19500.0;04/01/2025;Maria Silva;PAGO;DOC_0468.txt;2026-04-22 01:19:19;False;;;;;;;;;;;;;;;;;;;;;;;;;;;;;;;;;;;;;;;
FATURA;NF-59592;2023-07-09;TechSoft Ltda;12345678000190;1500000.0;2023-07-27;Carlos Mendes;CANCELADO;DOC_0469.txt;2026-04-22 01:19:22;True;2023-07-13;Consultoria em TI;Banco do Brasil Ag.1234 C/C 56789-0;;NLC0469331307;;;;;;;;;;;;;;;;;;;;;;;;;;;;;;;;;;
NOTA_FISCAL;NF-34641;07/03/2024;Consultoria RH Parceiros;34567890000134;10000.0;29/03/2024;Fernanda Costa;CANCELADO;DOC_0470.txt;2026-04-22 01:19:29;True;;;;;;;;;;;;;;;;;;;;;;;;;;;;;;;;;;;;;;;
NOTA_FISCAL;NF-34613;20/05/2023;TechSoft Ltda;12345678000190;19500.0;30/05/2023;Roberto Lima;ESTORNADO;DOC_0471.txt;2026-04-22 01:19:31;True;;;;;;;;;;;;;;;;;;;;;;;;;;;;;;;;;;;;;;;
NOTA_FISCAL;NF-67464;20/02/2023;TechSoft Ltda;12345678000190;6000.0;10/03/2023;Ana Beatriz;PAGO;DOC_0472.txt;2026-04-22 01:19:39;True;;;;;;;;;;;;;;;;;;;;;;;;;;;;;;;;;;;;;;;
NOTA_FISCAL;NF-75325;03/04/2023;TechSoft Ltda;12345678000190;19500.0;08/04/2023;Ana Beatriz;PAGO;DOC_0473.txt;2026-04-22 01:19:41;True;;;;;;;;;;;;;;;;;;;;;;;;;;;;;;;;;;;;;;;
NOTA_FISCAL;NF-33803;04/12/2023;Marketing Digital Pro;45678901000156;3500.0;08/12/2023;Roberto Lima;ESTORNADO;DOC_0474.txt;2026-04-22 01:19:44;True;;;;;;;;;;;;;;;;;;;;;;;;;;;;;;;;;;;;;;;
CONTRATO_ADITIVO;NF-36106;08/01/2023;Consultoria RH Parceiros;34567890000134;8500.0;17/01/2023;Roberto Lima;PAGO;DOC_0475.txt;2026-04-22 01:19:51;True;;;;;;;;;;;;;;;;;;;;;;;;;;;;;;;;;;;;;;;
NOTA_FISCAL;;24/04/2024;TechSoft Ltda;12345678000190;10000.0;12/05/2024;Carlos Mendes;PAGO;DOC_0476.txt;2026-04-22 01:19:54;True;;;;;;;;;;;;;;;NF-43202;;;;;;;;;;;;;;;;;;;;;;;;
NOTA_FISCAL;NF-11974;05/01/2024;Consultoria RH Parceiros;34567890000134;85000.0;03/02/2024;Carlos Mendes;PENDENTE;DOC_0477.txt;2026-04-22 01:19:56;True;;;;;;;;;;;;;;;;;;;;;;;;;;;;;;;;;;;;;;;
NOTA_FISCAL;NF-58679;09/02/2024;Consultoria RH Parceiros;34567890000134;3500.0;07/03/2024;Fernanda Costa;PAGO;DOC_0478.txt;2026-04-22 01:20:04;True;;;;;;;;;;;;;;;;;;;;;;;;;;;;;;;;;;;;;;;
NOTA_FISCAL;NF-80300;11/06/2023;TechSoft Ltda;12345678000190;12000.0;27/06/2023;Maria Silva;PAGO;DOC_0479.txt;2026-04-22 01:20:06;False;;;;;;;;;;;;;;;;;;;;;;;;;;;;;;;;;;;;;;;
NOTA_FISCAL;NF-56945;12/05/2024;TechSoft Ltda;12345678000190;12000.0;22/05/2024;Carlos Mendes;CANCELADO;DOC_0480.txt;2026-04-22 01:20:13;True;;;;;;;;;;;;;;;;;;;;;;;;;;;;;;;;;;;;;;;
RECIBO;NF-34874;05/02/2023;DataCenter Cloud SA;23456789000112;19500.0;26/02/2023;Ana Beatriz;ESTORNADO;DOC_0481.txt;2026-04-22 01:20:16;True;;;;;;;;;;;;;;;;;;;;;;;;;;;;;;;;;;;;;;;
FATURA;NF-79617;28/11/2023;DataCenter Cloud SA;23456789000112;10000.0;22/12/2023;Fernanda Costa;PAGO;DOC_0482.txt;2026-04-22 01:20:18;True;25/11/2023;CDN e Performance;Banco do Brasil Ag.1234 C/C 56789-0;;;;;;;;;;;;;;;;;;;;;;;;;;;;;;;;;;;;
RECIBO;NF-12453;25/09/2023;Marketing Digital Pro;45678901000156;19.5;15/10/2023;Fernanda Costa;PAGO;DOC_0483.txt;2026-04-22 01:20:26;True;;;;;;;;;;;;;;;;;;;;;;;;;;;;;;;;;;;;;;;
NOTA_FISCAL;NF-90352;2023/11/25;Consultoria RH Parceiros;34567890000134;1500000.0;19/12/2023;Fernanda Costa;PAGO;DOC_0484.txt;2026-04-22 01:20:28;True;;;;;;;;;;;;;;;;;;;;;;;;;;;;;;;;;;;;;;;
CONTRATO_ADITIVO;NF-33414;18/10/2024;Consultoria RH Parceiros;34567890000134;4200.0;29/10/2024;Maria Silva;PAGO;DOC_0485.txt;2026-04-22 01:20:36;False;;;;;;;;;;;;;;;;;;;;;;;;;;;;;;;;;;;;;;;
NOTA_FISCAL;NF-16433;12/05/2024;DataCenter Cloud SA;23456789000112;3500.0;19/05/2024;Roberto Lima;PAGO;DOC_0486.txt;2026-04-22 01:20:38;True;;;;;;;;;;;;;;;;;;;;;;;;;;;;;;;;;;;;;;;
NOTA_FISCAL;NF-48701;10/08/2024;Serviços Gamma SA;33444555000166;7800.0;18/08/2024;Carlos Mendes;PAGO;DOC_0487.txt;2026-04-22 01:20:45;True;;;;;;;;;;;;;;;;;;;;;;;;;;;;;;;;;;;;;;;
FATURA;NF-20215;24/03/2025;Marketing Digital Pro;45678901000156;10000.0;16/04/2025;Maria Silva;PAGO;DOC_0488.txt;2026-04-22 01:20:48;False;;;;;;;;;;;;;;;;;;;;;;;;;;;;;;;;;;;;;;;
NOTA_FISCAL;NF-84714;13/04/2023;Limpeza & Facilities;56789012000178;15000.0;08/05/2023;Carlos Mendes;PAGO;DOC_0489.txt;2026-04-22 01:20:50;True;;;;;;;;;;;;;;;;;;;;;;;;;;;;;;;;;;;;;;;
CONTRATO_ADITIVO;NF-33644;29/01/2025;DataCenter Cloud SA;23456789000112;12000.0;07/02/2025;Roberto Lima;PAGO;DOC_0490.txt;2026-04-22 01:20:58;True;;;;;;;;;;;;;;;;;;;;;;;;;;;;;;;;;;;;;;;
FATURA;NF-58722;31/10/2024;Marketing Digital Pro;45678901000156;19500.0;10/11/2024;Ana Beatriz;PENDENTE;DOC_0491.txt;2026-04-22 01:21:00;True;;;;;;;;;;;;;;;;;;;;;;;;;;;;;;;;;;;;;;;
FATURA;NF-69297;11/09/2024;Marketing Digital Pro;45678901000156;8500.0;23/09/2024;Fernanda Costa;PENDENTE;DOC_0492.txt;2026-04-22 01:21:03;True;;;;;;;;;;;;;;;;;;;;;;;;;;;;;;;;;;;;;;;
NOTA_FISCAL;NF-49365;11/01/2025;Marketing Digital Pro;45678901000156;3500.0;15/01/2025;Carlos Mendes;PAGO;DOC_0493.txt;2026-04-22 01:21:10;True;;;;;;;;;;;;;;;;;;;;;;;;;;;;;;;;;;;;;;;
FATURA;NF-22358;18/01/2023;DataCenter Cloud SA;23456789000112;10000.0;17/02/2023;Fernanda Costa;PAGO;DOC_0494.txt;2026-04-22 01:21:13;True;;;;;;;;;;;;;;;;;;;;;;;;;;;;;;;;;;;;;;;
FATURA;NF-49361;07/06/2023;Marketing Digital Pro;45678901000156;12000.0;14/06/2023;Carlos Mendes;PAGO;DOC_0495.txt;2026-04-22 01:21:20;True;;Email Marketing;Banco do Brasil Ag.1234 C/C 56789-0;;;;;;;;;;;;;;;;;;;;;;;;;;;;;;;;;;;;
CONTRATO_ADITIVO;NF-85527;05/08/2024;Limpeza & Facilities;56789012000178;4200.0;04/09/2024;Roberto Lima;ESTORNADO;DOC_0496.txt;2026-04-22 01:21:23;True;;;;;;;;;;;;;;;;;;;;;;;;;;;;;;;;;;;;;;;
RECIBO;NF-66925;04/02/2023;TechSoft Ltda;12345678000190;15000.0;04/03/2023;Maria Silva;PENDENTE;DOC_0497.txt;2026-04-22 01:21:25;False;;;;;;;;;;;;;;;;;;;;;;;;;;;;;;;;;;;;;;;
NOTA_FISCAL;NF-51853;2025-01-31;TechSoft Ltda;12345678000190;35000.0;2025-02-25;Maria Silva;PAGO;DOC_0498.txt;2026-04-22 01:21:33;False;;;;;;;;;;;;;;;;;;;;;;;;;;;;;;;;;;;;;;;
NOTA_FISCAL;NF-88005;26/11/2023;Limpeza & Facilities;56789012000178;8500.0;18/12/2023;Maria Silva;ESTORNADO;DOC_0499.txt;2026-04-22 01:21:35;False;;;;;;;;;;;;;;;;;;;;;;;;;;;;;;;;;;;;;;;
NOTA_FISCAL;NF-72371;14/08/2023;Limpeza & Facilities;56789012000178;15000.0;30/08/2023;Carlos Mendes;PAGO;DOC_0500.txt;2026-04-22 01:21:43;True;;;;;;;;;;;;;;;;;;;;;;;;;;;;;;;;;;;;;;;
CONTRATO_ADITIVO;NF-73944;23/09/2023;TechSoft Ltda;12345678000190;15000.0;29/09/2023;Carlos Mendes;PAGO;DOC_0501.txt;2026-04-22 01:21:45;True;;;;;;;;;;;;;;;;;;;;;;;;;;;;;;;;;;;;;;;
NOTA_FISCAL;NF-52390;2024-07-23;Limpeza & Facilities;57789012000178;85000.0;2024-08-17;Maria Silva;CANCELADO;DOC_0502.txt;2026-04-22 01:21:47;True;;Manutenção Elétrica;;;;;;;;;;;;;;;;;;;;;;;;;;;;;;;;;;;;;
NOTA_FISCAL;NF-55157;2023-04-23;Limpeza & Facilities;56789012000178;150000.0;2023-05-18;Ana Beatriz;PENDENTE;DOC_0503.txt;2026-04-22 01:21:55;True;;;;;;;;;;;;;;;;;;;;;;;;;;;;;;;;;;;;;;;
RECIBO;NF-40603;19/06/2023;TechSoft Ltda;12345678000190;19500.0;05/07/2023;Carlos Mendes;PAGO;DOC_0504.txt;2026-04-22 01:21:57;True;;;;;;;;;;;;;;;;;;;;;;;;;;;;;;;;;;;;;;;
NOTA_FISCAL;NF-47707;14/02/2025;Consultoria RH Parceiros;34567890000134;4200.0;10/03/2025;Carlos Mendes;PAGO;DOC_0505.txt;2026-04-22 01:22:05;True;;;;;;;;;;;;;;;;;;;;;;;;;;;;;;;;;;;;;;;
NOTA_FISCAL;NF-36712;06/11/2023;Consultoria RH Parceiros;34567890000134;35000.0;24/11/2023;Carlos Mendes;PAGO;DOC_0506.txt;2026-04-22 01:22:07;True;;;;;;;;;;;;;;;;;;;;;;;;;;;;;;;;;;;;;;;
RECIBO;NF-43483;15/07/2024;Limpeza & Facilities;56789012000178;6000.0;31/07/2024;Roberto Lima;PAGO;DOC_0507.txt;2026-04-22 01:22:09;True;;;;;;;;;;;;;;;;;;;;;;;;;;;;;;;;;;;;;;;
RECIBO;NF-60940;25/07/2023;TechSoft Ltda;12345678000190;10000.0;20/08/2023;Roberto Lima;PAGO;DOC_0508.txt;2026-04-22 01:22:17;True;;;;;;;;;;;;;;;;;;;;;;;;;;;;;;;;;;;;;;;
FATURA;NF-51347;19/04/2023;Consultoria RH Parceiros;34567890000134;15000.0;22/04/2023;Roberto Lima;PAGO;DOC_0509.txt;2026-04-22 01:22:20;True;;;;;;;;;;;;;;;;;;;;;;;;;;;;;;;;;;;;;;;
NOTA_FISCAL;NF-79391;2023-07-06;Limpeza & Facilities;56789012000178;1950000.0;2023-07-17;Maria Silva;PAGO;DOC_0510.txt;2026-04-22 01:22:22;False;;;;;;;;;;;;;;;;;;;;;;;;;;;;;;;;;;;;;;;
NOTA_FISCAL;NF-40959;2024-02-06;Consultoria RH Parceiros;34567890000134;35000.0;2024-03-02;Ana Beatriz;PAGO;DOC_0511.txt;2026-04-22 01:22:29;True;;;;;;;;;;;;;;;;;;;;;;;;;;;;;;;;;;;;;;;
NOTA_FISCAL;NF-54798;29/09/2024;Consultoria RH Parceiros;34567890000134;3500.0;11/10/2024;Ana Beatriz;PAGO;DOC_0512.txt;2026-04-22 01:22:32;True;;;;;;;;;;;;;;;;;;;;;;;;;;;;;;;;;;;;;;;
NOTA_FISCAL;NF-65897;17/01/2025;DataCenter Cloud SA;23456789000112;85000.0;30/01/2025;Carlos Mendes;PAGO;DOC_0513.txt;2026-04-22 01:22:39;True;;;;;;;;;;;;;;;;;;;;;;;;;;;;;;;;;;;;;;;
FATURA;NF-28102;03/04/2024;Limpeza & Facilities;56789012000178;8500.0;22/04/2024;Fernanda Costa;PAGO;DOC_0514.txt;2026-04-22 01:22:42;True;;;;;;;;;;;;;;;;;;;;;;;;;;;;;;;;;;;;;;;
NOTA_FISCAL;NF-34134;15/03/2024;Limpeza & Facilities;56789012000178;6000.0;15/04/2024;Maria Silva;PAGO;DOC_0515.txt;2026-04-22 01:22:44;False;;;;;;;;;;;;;;;;;;;;;;;;;;;;;;;;;;;;;;;
NOTA_FISCAL;NF-34632;19/02/2025;DataCenter Cloud SA;23456789000112;15000.0;05/03/2025;Roberto Lima;PAGO;DOC_0516.txt;2026-04-22 01:22:52;True;;;;;;;;;;;;;;;;;;;;;;;;;;;;;;;;;;;;;;;
NOTA_FISCAL;NF-88166;23/01/2023;DataCenter Cloud SA;23456789000112;10000.0;21/02/2023;Fernanda Costa;PAGO;DOC_0517.txt;2026-04-22 01:22:54;True;27/01/2023;CDN e Performance;;;NLC0517343461;;;;;;;;;;;;;;;;;;;;;;;;;;;;;;;;;;
NOTA_FISCAL;NF-95140;29/12/2023;DataCenter Cloud SA;23456789000112;19500.0;06/01/2024;Fernanda Costa;ESTORNADO;DOC_0518.txt;2026-04-22 01:22:57;True;;;;;;;;;;;;;;;;;;;;;;;;;;;;;;;;;;;;;;;
CONTRATO_ADITIVO;NF-11967;2024-05-17;DataCenter Cloud SA;23456789000112;60000.0;2024-06-03;Carlos Mendes;CANCELADO;DOC_0519.txt;2026-04-22 01:23:04;True;;;;;;;;;;;;;;;;;;;;;;;;;;;;;;;;;;;;;;;
NOTA_FISCAL;NF-52584;29/01/2025;Marketing Digital Pro;45678901000156;8500.0;21/02/2025;Carlos Mendes;ESTORNADO;DOC_0520.txt;2026-04-22 01:23:07;True;;;;;;;;;;;;;;;;;;;;;;;;;;;;;;;;;;;;;;;
CONTRATO_ADITIVO;NF-78242;19/02/2024;DataCenter Cloud SA;23456789000112;1500000.0;15/03/2024;Roberto Lima;PAGO;DOC_0521.txt;2026-04-22 01:23:14;True;;;;;;;;;;;;;;;;;;;;;;;;;;;;;;;;;;;;;;;
NOTA_FISCAL;NF-34884;12/02/2023;Marketing Digital Pro;45678901000156;15000.0;14/03/2023;Fernanda Costa;PAGO;DOC_0522.txt;2026-04-22 01:23:17;True;;;;;;;;;;;;;;;;;;;;;;;;;;;;;;;;;;;;;;;
CONTRATO_ADITIVO;NF-77760;06/11/2023;Marketing Digital Pro;45678901000156;1950000.0;03/12/2023;Roberto Lima;PAGO;DOC_0523.txt;2026-04-22 01:23:19;True;;;;;;;;;;;;;;;;;;;;;;;;;;;;;;;;;;;;;;;
NOTA_FISCAL;NF-61520;30/03/2023;Marketing Digital Pro;45678901000156;4200.0;27/04/2023;Fernanda Costa;PAGO;DOC_0524.txt;2026-04-22 01:23:26;True;;;;;;;;;;;;;;;;;;;;;;;;;;;;;;;;;;;;;;;
NOTA_FISCAL;NF-95010;23/01/2023;Consultoria RH Parceiros;34567890000134;8500.0;01/02/2023;Maria Silva;PENDENTE;DOC_0525.txt;2026-04-22 01:23:29;False;;;;;;;;;;;;;;;;;;;;;;;;;;;;;;;;;;;;;;;
NOTA_FISCAL;NF-77065;30/03/2023;DataCenter Cloud SA;23456789000112;19500.0;08/04/2023;Maria Silva;CANCELADO;DOC_0526.txt;2026-04-22 01:23:36;True;;;;;;;;;;;;;;;;;;;;;;;;;;;;;;;;;;;;;;;
CONTRATO_ADITIVO;NF-28953;17/07/2024;DataCenter Cloud SA;23456789000112;6000.0;30/07/2024;Fernanda Costa;PAGO;DOC_0527.txt;2026-04-22 01:23:39;True;;;;;;;;;;;;;;;;;;;;;;;;;;;;;;;;;;;;;;;
CONTRATO_ADITIVO;NF-36588;07/11/2023;TechSoft Ltda;12345678000190;19.5;22/11/2023;Carlos Mendes;PAGO;DOC_0528.txt;2026-04-22 01:23:41;True;;;;;;;;;;;;;;;;;;;;;;;;;;;;;;;;;;;;;;;
RECIBO;NF-41179;10/01/2023;Limpeza & Facilities;56789012000178;19500.0;28/01/2023;Maria Silva;ESTORNADO;DOC_0529.txt;2026-04-22 01:23:49;False;13/01/2023;Portaria e Recepção;Caixa Ag.0023 C/C 44321-0;;;;;;;;;;;;;;;;;;;;;;;;;;;;;;;;;;;;
NOTA_FISCAL;NF-81741;06/04/2024;Limpeza & Facilities;56789012000178;4200.0;23/04/2024;Fernanda Costa;PAGO;DOC_0530.txt;2026-04-22 01:23:57;True;;;;;;;;;;;;;;;;;;;;;;;;;;;;;;;;;;;;;;;
NOTA_FISCAL;NF-97424;19/02/2023;Limpeza & Facilities;56789012000178;3500.0;26/02/2023;Maria Silva;PAGO;DOC_0531.txt;2026-04-22 01:23:59;False;;;;;;;;;;;;;;;;;;;;;;;;;;;;;;;;;;;;;;;
RECIBO;NF-98092;06/12/2023;Limpeza & Facilities;56789012000178;3500.0;05/01/2024;Roberto Lima;PAGO;DOC_0532.txt;2026-04-22 01:24:01;True;;;;;;;;;;;;;;;;;;;;;;;;;;;;;;;;;;;;;;;
NOTA_FISCAL;NF-58309;07/04/2024;Limpeza & Facilities;56789012000178;12000.0;05/05/2024;Maria Silva;PENDENTE;DOC_0533.txt;2026-04-22 01:24:09;False;;;;;;;;;;;;;;;;;;;;;;;;;;;;;;;;;;;;;;;
CONTRATO_ADITIVO;NF-79081;15/07/2024;TechSoft Ltda;12345678000190;19500.0;20/07/2024;Maria Silva;PENDENTE;DOC_0534.txt;2026-04-22 01:24:11;False;;;;;;;;;;;;;;;;;;;;;;;;;;;;;;;;;;;;;;;
NOTA_FISCAL;NF-73394;09/12/2024;Limpeza & Facilities;56789012000178;3500.0;20/12/2024;Fernanda Costa;PAGO;DOC_0535.txt;2026-04-22 01:24:14;True;;;;;;;;;;;;;;;;;;;;;;;;;;;;;;;;;;;;;;;
RECIBO;NF-27001;11/03/2024;Limpeza & Facilities;56789012000178;10000.0;02/04/2024;Fernanda Costa;PENDENTE;DOC_0536.txt;2026-04-22 01:24:21;True;;;;;;;;;;;;;;;;;;;;;;;;;;;;;;;;;;;;;;;
NOTA_FISCAL;NF-48074;16/06/2024;Limpeza & Facilities;56789012000178;1950000.0;11/06/2024;Carlos Mendes;PAGO;DOC_0537.txt;2026-04-22 01:24:24;True;;;;;;;;;;;;;;;;;;;;;;;;;;;;;;;;;;;;;;;
NOTA_FISCAL;NF-15962;20/01/2023;TechSoft Ltda;12345678000190;4200.0;09/02/2023;Fernanda Costa;CANCELADO;DOC_0538.txt;2026-04-22 01:24:31;True;;;;;;;;;;;;;;;;;;;;;;;;;;;;;;;;;;;;;;;
NOTA_FISCAL;NF-76412;11/01/2023;Consultoria RH Parceiros;34567890000134;10000.0;02/02/2023;Maria Silva;PAGO;DOC_0539.txt;2026-04-22 01:24:33;False;;;;;;;;;;;;;;;;;;;;;;;;;;;;;;;;;;;;;;;
NOTA_FISCAL;NF-33020;25/04/2023;Consultoria RH Parceiros;34567890000134;12000.0;19/05/2023;Fernanda Costa;PAGO;DOC_0540.txt;2026-04-22 01:24:36;True;;;;;;;;;;;;;;;;;;;;;;;;;;;;;;;;;;;;;;;
FATURA;NF-80381;16/11/2024;Consultoria RH Parceiros;34567890000134;3500.0;05/12/2024;Roberto Lima;ESTORNADO;DOC_0541.txt;2026-04-22 01:24:43;True;19/11/2024;Treinamento Corporativo;Banco do Brasil Ag.1234 C/C 56789-0;;;;;;;;;;;;;;;;;;;;;;;;;;;;;;;;;;;;
CONTRATO_ADITIVO;NF-37297;30/01/2025;Marketing Digital Pro;45678901000156;10000.0;01/02/2025;Ana Beatriz;PAGO;DOC_0542.txt;2026-04-22 01:24:46;True;;;;;;;;;;;;;;;;;;;;;;;;;;;;;;;;;;;;;;;
FATURA;NF-84839;07/03/2023;Consultoria RH Parceiros;34567890000134;3500.0;14/03/2023;Roberto Lima;PAGO;DOC_0543.txt;2026-04-22 01:24:53;True;;;;;;;;;;;;;;;;;;;;;;;;;;;;;;;;;;;;;;;
NOTA_FISCAL;;30/08/2024;Marketing Digital Pro;45678901000156;12000.0;05/09/2024;Ana Beatriz;PAGO;DOC_0544.txt;2026-04-22 01:24:56;True;;;;;;;;;;;;;;;;NF-75149;;;;;;;;;;;;;;;;;;;;;;;
NOTA_FISCAL;NF-36489;02/11/2023;Consultoria RH Parceiros;34567890000134;10000.0;13/11/2023;Maria Silva;PAGO;DOC_0545.txt;2026-04-22 01:25:03;False;;;;;;;;;;;;;;;;;;;;;;;;;;;;;;;;;;;;;;;
NOTA_FISCAL;NF-52904;25/03/2025;Marketing Digital Pro;45789010001156;60000.0;14/04/2025;Ana Beatriz;PAGO;DOC_0546.txt;2026-04-22 01:25:06;True;;;;;;;;;;;;;;;;;;;;;;;;;;;;;;;;;;;;;;;
NOTA_FISCAL;NF-50760;30/07/2023;TechSoft Ltda;12345678000190;19500.0;23/08/2023;Fernanda Costa;PAGO;DOC_0547.txt;2026-04-22 01:25:08;True;30/07/2023;Consultoria em TI;Itaú Ag.5678 C/C 12345-6;;;;;;;;;;;;;;;;;;;;;;;;;;;;;;;;;;;;
NOTA_FISCAL;NF-93735;08/12/2023;Limpeza & Facilities;56789012000178;4200.0;23/12/2023;Ana Beatriz;PAGO;DOC_0548.txt;2026-04-22 01:25:15;True;;;;;;;;;;;;;;;;;;;;;;;;;;;;;;;;;;;;;;;
NOTA_FISCAL;NF-30643;15/07/2023;Consultoria RH Parceiros;34567890000134;12000.0;27/07/2023;Maria Silva;PAGO;DOC_0549.txt;2026-04-22 01:25:18;False;;;;;;;;;;;;;;;;;;;;;;;;;;;;;;;;;;;;;;;
NOTA_FISCAL;NF-45527;;;;0.0;;;PENDENTE;DOC_0550.txt;2026-04-22 01:25:25;True;;;Bradesco Ag.0001 C/C 99887-7;;;;;;;;;;;;;;{'DATA_EMISSAO_NF': '2024-09-25', 'DATA_EMISSAO': '2024-09-29', 'DATA_PAGAMENTO': '2024-10-17', 'APROVADO_POR': 'Fernanda Costa'};{'FORNECEDOR': 'TechSoft Ltda', 'CNPJ_FORNECEDOR': '12.345.678/0001-90'};{'VALOR_BRUTO': 4200.0};;;;;;;;;;;;;;;;;;;;
NOTA_FISCAL;NF-13800;23/06/2023;Consultoria RH Parceiros;34567890000134;12000.0;28/06/2023;Roberto Lima;PAGO;DOC_0551.txt;2026-04-22 01:25:28;True;;;;;;;;;;;;;;;;;;;;;;;;;;;;;;;;;;;;;;;
NOTA_FISCAL;NF-90781;28/01/2024;TechSoft Ltda;12345678000190;15000.0;30/01/2024;Carlos Mendes;ESTORNADO;DOC_0552.txt;2026-04-22 01:25:35;True;;;;;;;;;;;;;;;;;;;;;;;;;;;;;;;;;;;;;;;
FATURA;NF-71377;17/07/2023;Consultoria RH Parceiros;34567890000134;4200.0;14/08/2023;Fernanda Costa;PAGO;DOC_0553.txt;2026-04-22 01:25:38;True;;;;;;;;;;;;;;;;;;;;;;;;;;;;;;;;;;;;;;;
RECIBO;NF-90863;26/11/2024;Marketing Digital Pro;45678901000156;19500.0;22/12/2024;Carlos Mendes;PAGO;DOC_0554.txt;2026-04-22 01:25:40;True;;;;;;;;;;;;;;;;;;;;;;;;;;;;;;;;;;;;;;;
CONTRATO_ADITIVO;NF-18567;02/07/2023;Consultoria RH Parceiros;34567890000134;12000.0;30/07/2023;Roberto Lima;PAGO;DOC_0555.txt;2026-04-22 01:25:48;True;;;;;;;;;;;;;;;;;;;;;;;;;;;;;;;;;;;;;;;
FATURA;NF-76577;04/05/2024;TechSoft Ltda;12345678000190;10000.0;20/05/2024;Fernanda Costa;PAGO;DOC_0556.txt;2026-04-22 01:25:50;True;;;;;;;;;;;;;;;;;;;;;;;;;;;;;;;;;;;;;;;
NOTA_FISCAL;NF-87402;25/11/2023;Marketing Digital Pro;45678901000156;4200.0;18/12/2023;Fernanda Costa;CANCELADO;DOC_0557.txt;2026-04-22 01:25:53;True;;;;;;;;;;;;;;;;;;;;;;;;;;;;;;;;;;;;;;;
NOTA_FISCAL;NF-67062;12/07/2024;DataCenter Cloud SA;23456789000112;15000.0;21/07/2024;Ana Beatriz;CANCELADO;DOC_0558.txt;2026-04-22 01:26:00;True;;;;;;;;;;;;;;;;;;;;;;;;;;;;;;;;;;;;;;;
NOTA_FISCAL;NF-52647;22/06/2023;Consultoria RH Parceiros;34567890000134;4200.0;19/07/2023;Roberto Lima;ESTORNADO;DOC_0559.txt;2026-04-22 01:26:03;True;;;;;;;;;;;;;;;;;;;;;;;;;;;;;;;;;;;;;;;
NOTA_FISCAL;NF-52914;27/06/2023;TechSoft Ltda;12345678000190;4200.0;10/07/2023;Maria Silva;CANCELADO;DOC_0560.txt;2026-04-22 01:26:10;True;;;;;;;;;;;;;;;;;;;;;;;;;;;;;;;;;;;;;;;
NOTA_FISCAL;NF-61115;10/08/2023;TechSoft Ltda;12345678000190;3500.0;07/09/2023;Carlos Mendes;PAGO;DOC_0561.txt;2026-04-22 01:26:12;True;;;;;;;;;;;;;;;;;;;;;;;;;;;;;;;;;;;;;;;
NOTA_FISCAL;NF-55123;15/07/2023;Limpeza & Facilities;56789012000178;12000.0;27/07/2023;Fernanda Costa;CANCELADO;DOC_0562.txt;2026-04-22 01:26:20;True;;;;;;;;;;;;;;;;;;;;;;;;;;;;;;;;;;;;;;;
NOTA_FISCAL;NF-10110;15/09/2024;Limpeza & Facilities;56789012000178;6000.0;05/10/2024;Maria Silva;PAGO;DOC_0563.txt;2026-04-22 01:26:22;False;;;;;;;;;;;;;;;;;;;;;;;;;;;;;;;;;;;;;;;
FATURA;NF-91948;2023-04-21;Limpeza & Facilities;56789012000178;350000.0;2023-05-21;Roberto Lima;CANCELADO;DOC_0564.txt;2026-04-22 01:26:25;True;;;;;;;;;;;;;;;;;;;;;;;;;;;;;;;;;;;;;;;
CONTRATO_ADITIVO;NF-82800;2024-01-22;Marketing Digital Pro;45678901000156;850000.0;2024-02-09;Roberto Lima;;DOC_0565.txt;2026-04-22 01:26:32;True;;Campanha Google Ads;;;;;;;;;;;;;;;;;;PAGO;;;;;;;;;;;;;;;;;;;
CONTRATO_ADITIVO;NF-28873;02/06/2023;Consultoria RH Parceiros;34567890000134;6000.0;17/06/2023;Maria Silva;PAGO;DOC_0566.txt;2026-04-22 01:26:35;False;;;;;;;;;;;;;;;;;;;;;;;;;;;;;;;;;;;;;;;
CONTRATO_ADITIVO;NF-69558;19/05/2023;Marketing Digital Pro;45678901000156;1500000.0;23/05/2023;Fernanda Costa;PAGO;DOC_0567.txt;2026-04-22 01:26:37;True;;;;;;;;;;;;;;;;;;;;;;;;;;;;;;;;;;;;;;;
NOTA_FISCAL;NF-41031;28/01/2024;Marketing Digital Pro;45678901000156;60000.0;10/02/2024;Fernanda Costa;ESTORNADO;DOC_0568.txt;2026-04-22 01:26:45;True;;;;;;;;;;;;;;;;;;;;;;;;;;;;;;;;;;;;;;;
RECIBO;NF-58310;21/02/2024;Limpeza & Facilities;56789012000178;1200000.0;26/03/2024;Maria Silva;ESTORNADO;DOC_0569.txt;2026-04-22 01:26:47;False;;;;;;;;;;;;;;;;;;;;;;;;;;;;;;;;;;;;;;;
NOTA_FISCAL;NF-42142;07/12/2024;Limpeza & Facilities;56789012000178;10000.0;11/12/2024;Fernanda Costa;PAGO;DOC_0570.txt;2026-04-22 01:26:54;True;;;;;;;;;;;;;;;;;;;;;;;;;;;;;;;;;;;;;;;
RECIBO;NF-85230;19/09/2024;TechSoft Ltda;12345678000190;3500.0;21/09/2024;Roberto Lima;ESTORNADO;DOC_0571.txt;2026-04-22 01:26:57;True;;;;;;;;;;;;;;;;;;;;;;;;;;;;;;;;;;;;;;;
CONTRAO_ADITIVO;NF-83886;26/12/2023;Consultoria RH Parceiros;34567890000134;10000.0;23/01/2024;Maria Silva;PAGO;DOC_0572.txt;2026-04-22 01:26:59;False;;;;;;;;;;;;;;;;;;;;;;;;;;;;;;;;;;;;;;;
NOTA_FISCAL;NF-73538;15/08/2024;TechSoft Ltda;12345678000190;35000.0;21/08/2024;Fernanda Costa;PAGO;DOC_0573.txt;2026-04-22 01:27:07;True;;;;;;;;;;;;;;;;;;;;;;;;;;;;;;;;;;;;;;;
NOTA_FISCAL;NF-11861;11/03/2025;DataCenter Cloud SA;23456789000112;6000.0;22/03/2025;Ana Beatriz;PAGO;DOC_0574.txt;2026-04-22 01:27:09;True;;;;;;;;;;;;;;;;;;;;;;;;;;;;;;;;;;;;;;;
NOTA_FISCAL;NF-73559;27/08/2024;TechSoft Ltda;12345678000190;19500.0;21/09/2024;Carlos Mendes;PAGO;DOC_0575.txt;2026-04-22 01:27:17;True;;;;;;;;;;;;;;;;;;;;;;;;;;;;;;;;;;;;;;;
NOTA_FISCAL;NF-96594;17/12/2023;Limpeza & Facilities;56789012000178;6000.0;21/12/2023;Roberto Lima;PAGO;DOC_0576.txt;2026-04-22 01:27:19;True;;;;;;;;;;;;;;;;;;;;;;;;;;;;;;;;;;;;;;;
NOTA_FISCAL;NF-70819;14/08/2024;DataCenter Cloud SA;23456789000112;3500.0;07/09/2024;Maria Silva;PAGO;DOC_0577.txt;2026-04-22 01:27:21;False;;;;;;;;;;;;;;;;;;;;;;;;;;;;;;;;;;;;;;;
RECIBO;NF-29025;28/04/2024;Marketing Digital Pro;45678901000156;8500.0;26/05/2024;Roberto Lima;PAGO;DOC_0578.txt;2026-04-22 01:27:29;True;;;;;;;;;;;;;;;;;;;;;;;;;;;;;;;;;;;;;;;
NOTA_FISCAL;NF-79637;20/10/2023;Marketing Digital Pro;45678901000156;15000.0;22/11/2023;Fernanda Costa;PAGO;DOC_0579.txt;2026-04-22 01:27:31;True;;;;;;;;;;;;;;;;;;;;;;;;;;;;;;;;;;;;;;;
CONTRATO_ADITIVO;NF-43468;12/09/2024;Consultoria RH Parceiros;34567890000134;10000.0;17/10/2024;Ana Beatriz;PAGO;DOC_0580.txt;2026-04-22 01:27:39;True;;;;;;;;;;;;;;;;;;;;;;;;;;;;;;;;;;;;;;;
CONTRATO_ADITIVO;NF-98829;12/04/2024;Limpeza & Facilities;56789012000178;8500.0;12/05/2024;Carlos Mendes;PENDENTE;DOC_0581.txt;2026-04-22 01:27:41;True;;;;;;;;;;;;;;;;;;;;;;;;;;;;;;;;;;;;;;;
FATURA;NF-78847;14/07/2024;DataCenter Cloud SA;23456789000112;3500.0;15/07/2024;Maria Silva;PAGO;DOC_0582.txt;2026-04-22 01:27:44;False;;;;;;;;;;;;;;;;;;;;;;;;;;;;;;;;;;;;;;;
FATURA;NF-17455;2023-08-11;Marketing Digital Pro;45678901000156;100000.0;2023-09-06;Maria Silva;PAGO;DOC_0583.txt;2026-04-22 01:27:51;False;;Campanha Google Ads;;;;;;;;;;;;;;;;;;;;;;;;;;;;;;;;;;;;;
NOTA_FISCAL;NF-34151;26/12/2024;DataCenter Cloud SA;23456789000112;6000.0;30/12/2024;Fernanda Costa;PAGO;DOC_0584.txt;2026-04-22 01:27:53;True;;;;;;;;;;;;;;;;;;;;;;;;;;;;;;;;;;;;;;;
NOTA_FISCAL;NF-31229;07/11/2024;Consultoria RH Parceiros;34567890000134;19500.0;07/12/2024;Roberto Lima;PAGO;DOC_0585.txt;2026-04-22 01:27:56;True;;;;;;;;;;;;;;;;;;;;;;;;;;;;;;;;;;;;;;;
RECIBO;NF-33321;03/03/2025;TechSoft Ltda;12345678000190;15000.0;08/03/2025;Maria Silva;PAGO;DOC_0586.txt;2026-04-22 01:28:03;False;;;;;;;;;;;;;;;;;;;;;;;;;;;;;;;;;;;;;;;
NOTA_FISCAL;NF-38624;22/07/2023;TechSoft Ltda;12345678000190;6000.0;14/08/2023;Maria Silva;CANCELADO;DOC_0587.txt;2026-04-22 01:28:06;True;;;;;;;;;;;;;;;;;;;;;;;;;;;;;;;;;;;;;;;
NOTA_FISCAL;NF-68442;02/01/2025;TechSoft Ltda;12345678000190;3500.0;11/01/2025;Maria Silva;PAGO;DOC_0588.txt;2026-04-22 01:28:13;False;;;;;;;;;;;;;;;;;;;;;;;;;;;;;;;;;;;;;;;
NOTA_FISCAL;NF-61292;30/10/2024;Marketing Digital Pro;45678901000156;3500.0;20/11/2024;Ana Beatriz;PENDENTE;DOC_0589.txt;2026-04-22 01:28:15;True;;;;;;;;;;;;;;;;;;;;;;;;;;;;;;;;;;;;;;;
NOTA_FISCAL;NF-73185;01/05/2024;TechSoft Ltda;12345678000190;4200.0;18/05/2024;Carlos Mendes;CANCELADO;DOC_0590.txt;2026-04-22 01:28:18;True;;;;;;;;;;;;;;;;;;;;;;;;;;;;;;;;;;;;;;;
FATURA;NF-20545;06/12/2023;Limpeza & Facilities;56789012000178;15000.0;30/12/2023;Maria Silva;PENDENTE;DOC_0591.txt;2026-04-22 01:28:25;False;;;;;;;;;;;;;;;;;;;;;;;;;;;;;;;;;;;;;;;
RECIBO;NF-23994;24/10/2024;Marketing Digital Pro;45678901000156;3500.0;01/11/2024;Carlos Mendes;CANCELADO;DOC_0592.txt;2026-04-22 01:28:28;True;;;;;;;;;;;;;;;;;;;;;;;;;;;;;;;;;;;;;;;
NOTA_FISCAL;NF-13324;23/03/2023;Consultoria RH Parceiros;34567890000134;19500.0;26/04/2023;Carlos Mendes;PAGO;DOC_0593.txt;2026-04-22 01:28:35;True;;;;;;;;;;;;;;;;;;;;;;;;;;;;;;;;;;;;;;;
NOTA_FISCAL;NF-14855;15/05/2024;Limpeza & Facilities;57789012000178;10000.0;28/05/2024;Fernanda Costa;PAGO;DOC_0594.txt;2026-04-22 01:28:37;True;;;;;;;;;;;;;;;;;;;;;;;;;;;;;;;;;;;;;;;
FATURA;NF-98877;17/03/2025;TechSoft Ltda;12345678000190;15000.0;10/04/2025;Carlos Mendes;ESTORNADO;DOC_0595.txt;2026-04-22 01:28:40;True;;;;;;;;;;;;;;;;;;;;;;;;;;;;;;;;;;;;;;;
NOTA_FISCAL;NF-41808;10/03/2023;DataCenter Cloud SA;23456789000112;6000.0;17/03/2023;Maria Silva;PAGO;DOC_0596.txt;2026-04-22 01:28:47;False;;;;;;;;;;;;;;;;;;;;;;;;;;;;;;;;;;;;;;;
NOTA_FISCAL;NF-87469;26/06/2023;DataCenter Cloud SA;23456789000112;10000.0;17/07/2023;Roberto Lima;PAGO;DOC_0597.txt;2026-04-22 01:28:50;True;;;;;;;;;;;;;;;;;;;;;;;;;;;;;;;;;;;;;;;
NOTA_FISCAL;NF-98918;20/05/2024;TechSoft Ltda;12345678000190;8500.0;13/06/2024;Carlos Mendes;PENDENTE;DOC_0598.txt;2026-04-22 01:28:57;True;;;;;;;;;;;;;;;;;;;;;;;;;;;;;;;;;;;;;;;
NOTA_FISCAL;NF-53975;2024-11-27;Consultoria RH Parceiros;34567890000134;60000.0;2024-12-20;Carlos Mendes;PAGO;DOC_0599.txt;2026-04-22 01:29:00;True;;;;;;;;;;;;;;;;;;;;;;;;;;;;;;;;;;;;;;;
RECIBO;NF-41934;2023-05-22;TechSoft Ltda;12345678000190;852000.0;2023-06-19;Fernanda Costa;ESTORNADO;DOC_0600.txt;2026-04-22 01:29:02;True;;;;;;;;;;;;;;;;;;;;;;;;;;;;;;;;;;;;;;;
NOTA_FISCAL;NF-10832;08/04/2023;TechSoft Ltda;12345678000190;15000.0;09/05/2023;Maria Silva;PAGO;DOC_0601.txt;2026-04-22 01:29:09;False;;;;;;;;;;;;;;;;;;;;;;;;;;;;;;;;;;;;;;;
NOTA_FISCAL;NF-28754;20/12/2024;DataCenter Cloud SA;23456789000112;10000.0;14/01/2025;Roberto Lima;PAGO;DOC_0602.txt;2026-04-22 01:29:12;True;;;;;;;;;;;;;;;;;;;;;;;;;;;;;;;;;;;;;;;
NOTA_FISCAL;NF-92207;25/02/2024;Consultoria RH Parceiros;34567890000134;3500.0;05/03/2024;Carlos Mendes;PAGO;DOC_0603.txt;2026-04-22 01:29:19;True;;;;;;;;;;;;;;;;;;;;;;;;;;;;;;;;;;;;;;;
FATURA;NF-91123;29/02/2024;Consultoria RH Parceiros;34567890000134;8500.0;05/03/2024;Maria Silva;PAGO;DOC_0604.txt;2026-04-22 01:29:22;False;;;;;;;;;;;;;;;;;;;;;;;;;;;;;;;;;;;;;;;
NOTA_FISCAL;NF-29558;20/04/2024;Limpeza & Facilities;56789012000178;8500.0;15/05/2024;Maria Silva;PAGO;DOC_0605.txt;2026-04-22 01:29:24;False;;;;;;;;;;;;;;;;;;;;;;;;;;;;;;;;;;;;;;;
NOTA_FISCAL;NF-66973;25/06/2023;Marketing Digital Pro;45678901000156;3500.0;06/07/2023;Ana Beatriz;PAGO;DOC_0606.txt;2026-04-22 01:29:32;True;;;;;;;;;;;;;;;;;;;;;;;;;;;;;;;;;;;;;;;
NOTA_FISCAL;NF-73577;2023-02-09;Consultoria RH Parceiros;34567890000134;350000.0;2023-02-18;Carlos Mendes;PAGO;DOC_0607.txt;2026-04-22 01:29:34;True;;;;;;;;;;;;;;;;;;;;;;;;;;;;;;;;;;;;;;;
NOTA_FISCAL;NF-24435;26/08/2023;TechSoft Ltda;12345678000190;12000.0;22/09/2023;Carlos Mendes;PAGO;DOC_0608.txt;2026-04-22 01:29:37;True;;;;;;;;;;;;;;;;;;;;;;;;;;;;;;;;;;;;;;;
NOTA_FISCAL;NF-86689;28/08/2023;DataCenter Cloud SA;23456789000112;8500.0;24/09/2023;Carlos Mendes;ESTORNADO;DOC_0609.txt;2026-04-22 01:29:44;True;;Firewall e Segurança;Itaú Ag.5678 C/C 12345-6;;;;;;;;;;;;;;;;;;;;;;;;;;;;;;;;;;;;
CONTRATO_ADITIVO;NF-69996;25/05/2023;TechSoft Ltda;12345678000190;19500.0;05/06/2023;Roberto Lima;PAGO;DOC_0610.txt;2026-04-22 01:29:47;True;;;;;;;;;;;;;;;;;;;;;;;;;;;;;;;;;;;;;;;
FATURA;NF-27891;02/10/2023;DataCenter Cloud SA;23456789000112;6000.0;11/10/2023;Fernanda Costa;PAGO;DOC_0611.txt;2026-04-22 01:29:54;True;;;;;;;;;;;;;;;;;;;;;;;;;;;;;;;;;;;;;;;
NOTA_FISCAL;NF-85775;02/03/2024;Marketing Digital Pro;45678901000156;8500.0;10/03/2024;Fernanda Costa;PAGO;DOC_0612.txt;2026-04-22 01:29:57;True;04/03/2024;Produção de Conteúdo;Banco do Brasil Ag.1234 C/C 56789-0;;;;;;;;;;;;;;;;;;;;;;;;;;;;;;;;;;;;
NOTA_FISCAL;NF-46591;22/02/2024;DataCenter Cloud SA;23456789000112;19500.0;25/03/2024;Fernanda Costa;ESTORNADO;DOC_0613.txt;2026-04-22 01:30:04;True;;;;;;;;;;;;;;;;;;;;;;;;;;;;;;;;;;;;;;;
NOTA_FISCAL;NF-64758;08/09/2023;Marketing Digital Pro;45678901000156;8500.0;22/09/2023;Carlos Mendes;PAGO;DOC_0614.txt;2026-04-22 01:30:06;True;;;;;;;;;;;;;;;;;;;;;;;;;;;;;;;;;;;;;;;
NOTA_FISCAL;NF-22844;17/01/2025;TechSoft Ltda;12345678000190;3500.0;15/02/2025;Fernanda Costa;ESTORNADO;DOC_0615.txt;2026-04-22 01:30:09;True;;;;;;;;;;;;;;;;;;;;;;;;;;;;;;;;;;;;;;;
NOTA_FISCAL;NF-41334;27/03/2023;Marketing Digital Pro;45678901000156;15000.0;14/04/2023;Carlos Mendes;;DOC_0616.txt;2026-04-22 01:30:16;True;;;;;;;;;;;;;;;;;;;;;PAGO;;;;;;;;;;;;;;;;;;
NOTA_FISCAL;NF-69616;04/05/2024;TechSoft Ltda;12345678000190;6000.0;28/05/2024;Fernanda Costa;PAGO;DOC_0617.txt;2026-04-22 01:30:19;True;;;;;;;;;;;;;;;;;;;;;;;;;;;;;;;;;;;;;;;
CONTRATO_ADITIVO;NF-79588;07/07/2023;DataCenter Cloud SA;23456789000112;19500.0;04/08/2023;Maria Silva;PENDENTE;DOC_0618.txt;2026-04-22 01:30:21;False;;;;;;;;;;;;;;;;;;;;;;;;;;;;;;;;;;;;;;;
CONTRATO_ADITIVO;NF-77467;04/02/2025;Consultoria RH Parceiros;34567890000134;8500.0;18/02/2025;Fernanda Costa;PAGO;DOC_0619.txt;2026-04-22 01:30:29;True;;;;;;;;;;;;;;;;;;;;;;;;;;;;;;;;;;;;;;;
NOTA_FISCAL;NF-32972;22/04/2023;Consultoria RH Parceiros;34567890000134;19500.0;07/05/2023;Maria Silva;PENDENTE;DOC_0620.txt;2026-04-22 01:30:31;False;;;;;;;;;;;;;;;;;;;;;;;;;;;;;;;;;;;;;;;
NOTA_FISCAL;NF-95070;27/07/2024;Limpeza & Facilities;56789012000178;6000.0;20/08/2024;Carlos Mendes;PAGO;DOC_0621.txt;2026-04-22 01:30:39;True;;;;;;;;;;;;;;;;;;;;;;;;;;;;;;;;;;;;;;;
NOTA_FISCAL;NF-46325;09/02/2025;Limpeza & Facilities;56789012000178;12000.0;06/03/2025;Ana Beatriz;CANCELADO;DOC_0622.txt;2026-04-22 01:30:41;True;;;;;;;;;;;;;;;;;;;;;;;;;;;;;;;;;;;;;;;
FATURA;NF-69241;2023-12-17;TechSoft Ltda;12345678000190;42000.0;2024-01-04;Fernanda Costa;PAGO;DOC_0623.txt;2026-04-22 01:30:43;True;;;;;;;;;;;;;;;;;;;;;;;;;;;;;;;;;;;;;;;
NOTA_FISCAL;NF-20085;2023-09-07;Consultoria RH Parceiros;34567890000134;42000.0;2023-08-10;Roberto Lima;PAGO;DOC_0624.txt;2026-04-22 01:30:51;True;;;;;;;;;;;;;;;;;;;;;;;;;;;;;;;;;;;;;;;
RECIBO;NF-48426;24/04/2023;DataCenter Cloud SA;23456789000112;19500.0;18/05/2023;Carlos Mendes;PAGO;DOC_0625.txt;2026-04-22 01:30:53;True;;;;;;;;;;;;;;;;;;;;;;;;;;;;;;;;;;;;;;;
NOTA_FISCAL;NF-12888;27/04/2024;Limpeza & Facilities;56789012000178;19500.0;12/05/2024;Ana Beatriz;PAGO;DOC_0626.txt;2026-04-22 01:31:01;True;;;;;;;;;;;;;;;;;;;;;;;;;;;;;;;;;;;;;;;
FATURA;NF-70031;24/02/2024;DataCenter Cloud SA;23456789000112;12000.0;16/03/2024;Fernanda Costa;ESTORNADO;DOC_0627.txt;2026-04-22 01:31:03;True;;;;;;;;;;;;;;;;;;;;;;;;;;;;;;;;;;;;;;;
NOTA_FISCAL;NF-16202;18/03/2025;Limpeza & Facilities;56789012000178;10000.0;29/03/2025;Roberto Lima;PAGO;DOC_0628.txt;2026-04-22 01:31:06;True;;;;;;;;;;;;;;;;;;;;;;;;;;;;;;;;;;;;;;;
RECIBO;NF-97340;07/04/2024;Consultoria RH Parceiros;34567890000134;6000.0;17/04/2024;Ana Beatriz;PAGO;DOC_0629.txt;2026-04-22 01:31:13;True;;;;;;;;;;;;;;;;;;;;;;;;;;;;;;;;;;;;;;;
NOTA_FISCAL;NF-58453;01/09/2023;DataCenter Cloud SA;23456789000112;12000.0;05/09/2023;Carlos Mendes;PAGO;DOC_0630.txt;2026-04-22 01:31:16;True;;;;;;;;;;;;;;;;;;;;;;;;;;;;;;;;;;;;;;;
NOTA_FISCAL;NF-79945;10/11/2024;DataCenter Cloud SA;23456789000112;600000.0;23/11/2024;Roberto Lima;PAGO;DOC_0631.txt;2026-04-22 01:31:18;True;;;;;;;;;;;;;;;;;;;;;;;;;;;;;;;;;;;;;;;
NOTA_FISCAL;NF-81584;16/02/2024;TechSoft Ltda;12345678000190;6000.0;20/03/2024;Ana Beatriz;PAGO;DOC_0632.txt;2026-04-22 01:31:26;True;;;;;;;;;;;;;;;;;;;;;;;;;;;;;;;;;;;;;;;
RECIBO;NF-72781;2024-04-28;Consultoria RH Parceiros;34567890000134;600000.0;2024-05-29;Roberto Lima;PAGO;DOC_0633.txt;2026-04-22 01:31:28;True;;;;;;;;;;;;;;;;;;;;;;;;;;;;;;;;;;;;;;;
NOTA_FISCAL;NF-63300;14/07/2024;DataCenter Cloud SA;23456789000112;8500.0;20/07/2024;Carlos Mendes;CANCELADO;DOC_0633_v2.txt;2026-04-22 01:31:36;True;;;;;;;;;;;;;;;;;;;;;;;;;;;;;;;;;;;;;;;
NOTA_FISCAL;NF-17213;09/11/2023;DataCenter Cloud SA;23456789000112;8500.0;13/11/2023;Ana Beatriz;PENDENTE;DOC_0634.txt;2026-04-22 01:31:38;True;;;;;;;;;;;;;;;;;;;;;;;;;;;;;;;;;;;;;;;
NOTA_FISCAL;NF-98744;09/03/2025;DataCenter Cloud SA;23456789000112;85000.0;10/04/2025;Maria Silva;ESTORNADO;DOC_0635.txt;2026-04-22 01:31:40;False;;;;;;;;;;;;;;;;;;;;;;;;;;;;;;;;;;;;;;;
CONTRATO_ADITIVO;NF-58448;19/07/2023;TechSoft Ltda;12345678000190;3500.0;04/08/2023;Roberto Lima;CANCELADO;DOC_0636.txt;2026-04-22 01:31:48;True;;;;;;;;;;;;;;;;;;;;;;;;;;;;;;;;;;;;;;;
NOTA_FISCAL;NF-68224;17/10/2023;Consultoria RH Parceiros;34567890000134;10000.0;31/10/2023;Fernanda Costa;PAGO;DOC_0637.txt;2026-04-22 01:31:50;True;;;;;;;;;;;;;;;;;;;;;;;;;;;;;;;;;;;;;;;
NOTA_FISCAL;NF-28827;18/10/2023;Marketing Digital Pro;46678901000156;15000.0;29/10/2023;Carlos Mendes;PAGO;DOC_0638.txt;2026-04-22 01:31:57;True;;;;;;;;;;;;;;;;;;;;;;;;;;;;;;;;;;;;;;;
NOTA_FISCAL;NF-64331;21/06/2024;Consultoria RH Parceiros;34567890000134;15000.0;02/07/2024;Maria Silva;PAGO;DOC_0639.txt;2026-04-22 01:32:00;False;;;;;;;;;;;;;;;;;;;;;;;;;;;;;;;;;;;;;;;
NOTA_FISCAL;NF-15535;27/12/2024;Limpeza & Facilities;56789012000178;8500.0;16/01/2025;Roberto Lima;ESTORNADO;DOC_0640.txt;2026-04-22 01:32:02;True;;;;;;;;;;;;;;;;;;;;;;;;;;;;;;;;;;;;;;;
RECIBO;NF-44429;15/05/2024;Consultoria RH Parceiros;34567890000134;19500.0;07/06/2024;Maria Silva;PAGO;DOC_0641.txt;2026-04-22 01:32:10;False;;;;;;;;;;;;;;;;;;;;;;;;;;;;;;;;;;;;;;;
NOTA_FISCAL;NF-25644;29/10/2024;Marketing Digital Pro;45678901000156;1500000.0;22/11/2024;Roberto Lima;PAGO;DOC_0642.txt;2026-04-22 01:32:12;True;;;;;;;;;;;;;;;;;;;;;;;;;;;;;;;;;;;;;;;
NOTA_FISCAL;NF-43804;05/03/2023;Consultoria RH Parceiros;34567890000134;12000.0;30/03/2023;Roberto Lima;CANCELADO;DOC_0643.txt;2026-04-22 01:32:15;True;;;;;;;;;;;;;;;;;;;;;;;;;;;;;;;;;;;;;;;
NOTA_FISCAL;NF-29154;13/01/2024;Marketing Digital Pro;45678901000156;3500.0;04/02/2024;Carlos Mendes;PAGO;DOC_0644.txt;2026-04-22 01:32:22;True;;;;;;;;;;;;;;;;;;;;;;;;;;;;;;;;;;;;;;;
NOTA_FISCAL;NF-47992;01/01/2024;Marketing Digital Pro;45678901000156;10000.0;07/01/2024;Roberto Lima;PAGO;DOC_0645.txt;2026-04-22 01:32:25;True;;;;;;;;;;;;;;;;;;;;;;;;;;;;;;;;;;;;;;;
NOTA_FISCAL;NF-51446;05/06/2024;Limpeza & Facilities;56789012000178;6000.0;17/06/2024;Fernanda Costa;PENDENTE;DOC_0646.txt;2026-04-22 01:32:32;True;;;;;;;;;;;;;;;;;;;;;;;;;;;;;;;;;;;;;;;
RECIBO;NF-28837;27/11/2024;Consultoria RH Parceiros;34567890000134;0.0;25/12/2024;Fernanda Costa;PENDENTE;DOC_0647.txt;2026-04-22 01:32:34;True;02/12/2024;;;;;;;;;;;;;;;;;;;;;;;;;;;;;;;;;;;;;;
RECIBO;NF-30257;14/01/2024;DataCenter Cloud SA;23456789000112;15000.0;11/02/2024;Carlos Mendes;PAGO;DOC_0648.txt;2026-04-22 01:32:37;True;;;;;;;;;;;;;;;;;;;;;;;;;;;;;;;;;;;;;;;
NOTA_FISCAL;NF-27200;21/03/2025;DataCenter Cloud SA;23456789000112;4200.0;23/04/2025;Roberto Lima;PAGO;DOC_0649.txt;2026-04-22 01:32:44;True;;;;;;;;;;;;;;;;;;;;;;;;;;;;;;;;;;;;;;;
FATURA;NF-32571;16/11/2023;Marketing Digital Pro;4578901000156;60000.0;09/12/2023;Fernanda Costa;PENDENTE;DOC_0650.txt;2026-04-22 01:32:47;True;;;;;;;;;;;;;;;;;;;;;;;;;;;;;;;;;;;;;;;
NOTA_FISCAL;NF-26429;01/02/2025;Consultoria RH Parceiros;34567890000134;8500.0;28/02/2025;Carlos Mendes;PAGO;DOC_0651.txt;2026-04-22 01:32:54;True;;;;;;;;;;;;;;;;;;;;;;;;;;;;;;;;;;;;;;;
NOTA_FISCAL;NF-35736;11/03/2024;DataCenter Cloud SA;23456789000112;4200.0;03/04/2024;Roberto Lima;PAGO;DOC_0652.txt;2026-04-22 01:32:57;True;;;;;;;;;;;;;;;;;;;;;;;;;;;;;;;;;;;;;;;
NOTA_FISCAL;NF-26225;23/04/2024;TechSoft Ltda;12345678000190;35000.0;29/04/2024;Ana Beatriz;PAGO;DOC_0653.txt;2026-04-22 01:32:59;True;;;;;;;;;;;;;;;;;;;;;;;;;;;;;;;;;;;;;;;
NOTA_FISCAL;NF-56163;09/07/2023;DataCenter Cloud SA;23456789000112;3500.0;31/07/2023;Carlos Mendes;PENDENTE;DOC_0654.txt;2026-04-22 01:33:07;True;;;;;;;;;;;;;;;;;;;;;;;;;;;;;;;;;;;;;;;
NOTA_FISCAL;NF-35106;01/06/2024;Limpeza & Facilities;56789012000178;4200.0;20/06/2024;Maria Silva;PAGO;DOC_0655.txt;2026-04-22 01:33:09;False;;;;;;;;;;;;;;;;;;;;;;;;;;;;;;;;;;;;;;;
NOTA_FISCAL;NF-98280;11/01/2025;DataCenter Cloud SA;23456789000112;19500.0;16/01/2025;Fernanda Costa;ESTORNADO;DOC_0656.txt;2026-04-22 01:33:11;True;;;;;;;;;;;;;;;;;;;;;;;;;;;;;;;;;;;;;;;
FATURA;NF-71066;2024-01-23;DataCenter Cloud SA;23456789000112;850000.0;2024-02-07;Maria Silva;PAGO;DOC_0657.txt;2026-04-22 01:33:19;False;;;;;;;;;;;;;;;;;;;;;;;;;;;;;;;;;;;;;;;
NOTA_FISCAL;NF-74711;2024-05-20;Limpeza & Facilities;56789012000178;1000000.0;2024-06-16;Maria Silva;PENDENTE;DOC_0658.txt;2026-04-22 01:33:21;False;;;;;;;;;;;;;;;;;;;;;;;;;;;;;;;;;;;;;;;
RECIBO;NF-48088;07/04/2024;Marketing Digital Pro;45678901000156;10000.0;02/05/2024;Carlos Mendes;CANCELADO;DOC_0659.txt;2026-04-22 01:33:29;True;;SEO e Analytics;;;;;;;;;;;;;;;;;;;;;;;;;;;;;;;;;;;;;
NOTA_FISCAL;NF-61952;10/03/2023;Marketing Digital Pro;45678901000156;12000.0;11/04/2023;Maria Silva;PAGO;DOC_0660.txt;2026-04-22 01:33:31;False;;;;;;;;;;;;;;;;;;;;;;;;;;;;;;;;;;;;;;;
NOTA_FISCAL;NF-57672;30/04/2023;Limpeza & Facilities;56789012000178;15000.0;08/05/2023;Maria Silva;PAGO;DOC_0661.txt;2026-04-22 01:33:34;False;;;;;;;;;;;;;;;;;;;;;;;;;;;;;;;;;;;;;;;
NOTA_FISCAL;NF-86273;01/09/2024;Consultoria RH Parceiros;34567890000134;4200.0;29/09/2024;Roberto Lima;PAGO;DOC_0662.txt;2026-04-22 01:33:41;True;;;;;;;;;;;;;;;;;;;;;;;;;;;;;;;;;;;;;;;
CONTRATO_ADITIVO;NF-69589;2023-12-26;Consultoria RH Parceiros;345689000134;1500000.0;2024-01-16;Fernanda Costa;PAGO;DOC_0663.txt;2026-04-22 01:33:44;True;;;;;;;;;;;;;;;;;;;;;;;;;;;;;;;;;;;;;;;
RECIBO;NF-75291;15/05/2024;TechSoft Ltda;12345678000190;6000.0;01/06/2024;Maria Silva;PAGO;DOC_0664.txt;2026-04-22 01:33:51;False;;;;;;;;;;;;;;;;;;;;;;;;;;;;;;;;;;;;;;;
NOTA_FISCAL;NF-20029;22/01/2024;TechSoft Ltda;12345678000190;12000.0;16/02/2024;Ana Beatriz;PAGO;DOC_0665.txt;2026-04-22 01:33:54;True;;;;;;;;;;;;;;;;;;;;;;;;;;;;;;;;;;;;;;;
NOTA_FISCAL;NF-81098;21/03/2025;Limpeza & Facilities;56789012000178;10000.0;06/04/2025;Roberto Lima;PAGO;DOC_0666.txt;2026-04-22 01:33:56;True;;;;;;;;;;;;;;;;;;;;;;;;;;;;;;;;;;;;;;;
NOTA_FISCAL;NF-68006;21/02/2025;Limpeza & Facilities;56789012000178;4200.0;23/02/2025;Roberto Lima;CANCELADO;DOC_0667.txt;2026-04-22 01:34:04;True;;;;;;;;;;;;;;;;;;;;;;;;;;;;;;;;;;;;;;;
NOTA_FISCAL;NF-50954;26/06/2023;TechSoft Ltda;12345678000190;10000.0;19/07/2023;Roberto Lima;PAGO;DOC_0668.txt;2026-04-22 01:34:06;True;;;;;;;;;;;;;;;;;;;;;;;;;;;;;;;;;;;;;;;
NOTA_FISCAL;NF-72378;17/02/2025;Marketing Digital Pro;45678901000156;19500.0;25/02/2025;Fernanda Costa;ESTORNADO;DOC_0669.txt;2026-04-22 01:34:09;True;;Email Marketing;Caixa Ag.0023 C/C 44321-0;;NLC0669689567;;;;;;;;;;;;;;;;;;;;;;;;;;;;;;;;;;
NOTA_FISCAL;NF-18050;02/02/2024;DataCenter Cloud SA;23456789000112;15000.0;14/02/2024;Ana Beatriz;PENDENTE;DOC_0670.txt;2026-04-22 01:34:17;True;;;;;;;;;;;;;;;;;;;;;;;;;;;;;;;;;;;;;;;
NOTA_FISCAL;NF-22759;2023-05-10;Limpeza & Facilities;56789012000178;12000.0;2023-06-08;Maria Silva;CANCELADO;DOC_0671.txt;2026-04-22 01:34:20;True;;;;;;;;;;;;;;;;;;;;;;;;;;;;;;;;;;;;;;;
FATURA;NF-18585;26/02/2024;Consultoria RH Parceiros;34567890000134;8500.0;09/03/2024;Carlos Mendes;PAGO;DOC_0672.txt;2026-04-22 01:34:27;True;;;;;;;;;;;;;;;;;;;;;;;;;;;;;;;;;;;;;;;
FATURA;NF-44946;19/06/2023;TechSoft Ltda;12345678000190;12000.0;24/06/2023;Roberto Lima;CANCELADO;DOC_0673.txt;2026-04-22 01:34:30;True;;;;;;;;;;;;;;;;;;;;;;;;;;;;;;;;;;;;;;;
NOTA_FISCAL;NF-23114;17/11/2023;Marketing Digital Pro;45678901000156;15000.0;04/12/2023;Fernanda Costa;ESTORNADO;DOC_0674.txt;2026-04-22 01:34:32;True;;;;;;;;;;;;;;;;;;;;;;;;;;;;;;;;;;;;;;;
FATURA;NF-67146;18/05/2024;DataCenter Cloud SA;23456789000112;12000.0;09/06/2024;Fernanda Costa;PENDENTE;DOC_0675.txt;2026-04-22 01:34:39;True;;;;;;;;;;;;;;;;;;;;;;;;;;;;;;;;;;;;;;;
NOTA_FISCAL;NF-39607;30/06/2024;Marketing Digital Pro;45678901000156;10000.0;09/07/2024;Ana Beatriz;CANCELADO;DOC_0676.txt;2026-04-22 01:34:42;True;02/07/2024;Gestão de Mídias Sociais;Caixa Ag.0023 C/C 44321-0;;NLC0676754911;;;;;;;;;;;;;;;;;;;;;;;;;;;;;;;;;;
NOTA_FISCAL;NF-37490;27/08/2024;TechSoft Ltda;12345678000190;4200.0;09/09/2024;Fernanda Costa;CANCELADO;DOC_0677.txt;2026-04-22 01:34:49;True;;;;;;;;;;;;;;;;;;;;;;;;;;;;;;;;;;;;;;;
RECIBO;NF-62730;29/05/2024;TechSoft Ltda;12345678000190;15000.0;26/06/2024;Ana Beatriz;CANCELADO;DOC_0678.txt;2026-04-22 01:34:57;True;;;;;;;;;;;;;;;;;;;;;;;;;;;;;;;;;;;;;;;
NOTA_FISCAL;NF-37912;14/11/2024;Limpeza & Facilities;56789012000178;6000.0;13/12/2024;Fernanda Costa;ESTORNADO;DOC_0679.txt;2026-04-22 01:34:59;True;;;;;;;;;;;;;;;;;;;;;;;;;;;;;;;;;;;;;;;
RECIBO;NF-57746;15/10/2024;Marketing Digital Pro;45678901000156;15000.0;02/11/2024;Maria Silva;PAGO;DOC_0680.txt;2026-04-22 01:35:02;False;;;;;;;;;;;;;;;;;;;;;;;;;;;;;;;;;;;;;;;
NOTA_FISCAL;NF-93090;30/05/2023;DataCenter Cloud SA;23456789000112;100000.0;28/06/2023;Roberto Lima;PAGO;DOC_0681.txt;2026-04-22 01:35:04;True;;;;;;;;;;;;;;;;;;;;;;;;;;;;;;;;;;;;;;;
RECIBO;NF-24884;20/10/2023;Marketing Digital Pro;45678901000156;10000.0;11/11/2023;Carlos Mendes;PAGO;DOC_0682.txt;2026-04-22 01:35:12;True;;;;;;;;;;;;;;;;;;;;;;;;;;;;;;;;;;;;;;;
NOTA_FISCAL;NF-94793;07/09/2023;DataCenter Cloud SA;23456789000112;19500.0;05/10/2023;Fernanda Costa;CANCELADO;DOC_0683.txt;2026-04-22 01:35:14;True;;;;;;;;;;;;;;;;;;;;;;;;;;;;;;;;;;;;;;;
NOTA_FISCAL;NF-73680;07/10/2023;DataCenter Cloud SA;23456789000112;10000.0;12/10/2023;Fernanda Costa;PAGO;DOC_0684.txt;2026-04-22 01:35:21;True;;;;;;;;;;;;;;;;;;;;;;;;;;;;;;;;;;;;;;;
NOTA_FISCAL;NF-62021;2023-03-23;TechSoft Ltda;12345678000190;1000000.0;2023-04-07;Roberto Lima;PAGO;DOC_0685.txt;2026-04-22 01:35:24;True;;;;;;;;;;;;;;;;;;;;;;;;;;;;;;;;;;;;;;;
NOTA_FISCAL;NF-75070;20/04/2023;DataCenter Cloud SA;23456789000112;4200.0;14/05/2023;Fernanda Costa;PAGO;DOC_0686.txt;2026-04-22 01:35:31;True;;;;;;;;;;;;;;;;;;;;;;;;;;;;;;;;;;;;;;;
NOTA_FISCAL;NF-38574;28/02/2025;DataCenter Cloud SA;23456789000112;12000.0;28/03/2025;Roberto Lima;CANCELADO;DOC_0687.txt;2026-04-22 01:35:34;True;;;;;;;;;;;;;;;;;;;;;;;;;;;;;;;;;;;;;;;
NOTA_FISCAL;NF-79922;05/08/2023;TechSoft Ltda;12345678000190;15000.0;17/08/2023;Fernanda Costa;ESTORNADO;DOC_0688.txt;2026-04-22 01:35:36;True;;;;;;;;;;;;;;;;;;;;;;;;;;;;;;;;;;;;;;;
FATURA;NF-58200;09/07/2024;TechSoft Ltda;12345678000190;8500.0;26/07/2024;Carlos Mendes;ESTORNADO;DOC_0689.txt;2026-04-22 01:35:39;True;;;;;;;;;;;;;;;;;;;;;;;;;;;;;;;;;;;;;;;
NOTA_FISCAL;NF-50536;18/10/2024;Consultoria RH Parceiros;34567890000134;3500.0;20/11/2024;Carlos Mendes;CANCELADO;DOC_0690.txt;2026-04-22 01:35:46;True;;;;;;;;;;;;;;;;;;;;;;;;;;;;;;;;;;;;;;;
NOTA_FISCAL;NF-49438;30/06/2024;Consultoria RH Parceiros;34567890000134;19500.0;29/07/2024;Maria Silva;PAGO;DOC_0691.txt;2026-04-22 01:35:49;False;01/07/2024;Headhunting Executivo;Santander Ag.3456 C/C 78901-2;;;;;;;;;;;;;;;;;;;;;;;;;;;;;;;;;;;;
RECIBO;NF-20498;03/08/2023;DataCenter Cloud SA;23456789000112;19500.0;01/09/2023;Roberto Lima;PAGO;DOC_0692.txt;2026-04-22 01:35:56;True;;;;;;;;;;;;;;;;;;;;;;;;;;;;;;;;;;;;;;;
NOTA_FISCAL;NF-56118;24/01/2025;Marketing Digital Pro;45678901000156;150000.0;07/02/2025;Carlos Mendes;PAGO;DOC_0693.txt;2026-04-22 01:35:58;True;;;;;;;;;;;;;;;;;;;;;;;;;;;;;;;;;;;;;;;
FATURA;NF-62515;09/04/2024;Limpeza & Facilities;56789012000178;3500.0;02/05/2024;Roberto Lima;PAGO;DOC_0694.txt;2026-04-22 01:36:06;True;;;;;;;;;;;;;;;;;;;;;;;;;;;;;;;;;;;;;;;
FATURA;NF-51864;12/08/2024;Consultoria RH Parceiros;34567890000134;6000.0;15/08/2024;Fernanda Costa;CANCELADO;DOC_0695.txt;2026-04-22 01:36:08;True;;;;;;;;;;;;;;;;;;;;;;;;;;;;;;;;;;;;;;;
NOTA_FISCAL;NF-58182;19/09/2023;Marketing Digital Pro;45678901000156;12000.0;30/09/2023;Carlos Mendes;CANCELADO;DOC_0696.txt;2026-04-22 01:36:16;True;;;;;;;;;;;;;;;;;;;;;;;;;;;;;;;;;;;;;;;
CONTRATO_ADITIVO;NF-70610;07/08/2024;Marketing Digital Pro;45678901000156;3500.0;15/08/2024;Fernanda Costa;PAGO;DOC_0697.txt;2026-04-22 01:36:18;True;;;;;;;;;;;;;;;;;;;;;;;;;;;;;;;;;;;;;;;
NOTA_FISCAL;NF-58224;16/02/2023;Consultoria RH Parceiros;34567890000134;15000.0;05/03/2023;Ana Beatriz;PAGO;DOC_0698.txt;2026-04-22 01:36:21;True;;;;;;;;;;;;;;;;;;;;;;;;;;;;;;;;;;;;;;;
NOTA_FISCAL;NF-36626;11/01/2023;Limpeza & Facilities;56789012000178;15000.0;07/02/2023;Roberto Lima;PAGO;DOC_0699.txt;2026-04-22 01:36:28;True;;;;;;;;;;;;;;;;;;;;;;;;;;;;;;;;;;;;;;;
RECIBO;NF-47089;31/01/2025;Consultoria RH Parceiros;34567890000134;6000.0;19/02/2025;Carlos Mendes;PAGO;DOC_0700.txt;2026-04-22 01:36:31;True;;;;;;;;;;;;;;;;;;;;;;;;;;;;;;;;;;;;;;;
CONTRATO_ADITIVO;NF-42547;03/07/2023;DataCenter Cloud SA;23456789000112;3500.0;18/07/2023;Ana Beatriz;ESTORNADO;DOC_0701.txt;2026-04-22 01:36:33;True;;;;;;;;;;;;;;;;;;;;;;;;;;;;;;;;;;;;;;;
NOTA_FISCAL;NF-65481;26/03/2023;Limpeza & Facilities;56789012000178;6000.0;30/03/2023;Roberto Lima;CANCELADO;DOC_0702.txt;2026-04-22 01:36:41;True;;;;;;;;;;;;;;;;;;;;;;;;;;;;;;;;;;;;;;;
RECIBO;NF-56439;16/03/2023;Limpeza & Facilities;56789012000178;3500.0;20/03/2023;Ana Beatriz;ESTORNADO;DOC_0703.txt;2026-04-22 01:36:43;True;;;;;;;;;;;;;;;;;;;;;;;;;;;;;;;;;;;;;;;
NOTA_FISCAL;NF-83342;02/01/2023;Limpeza & Facilities;56789012000178;1500000.0;15/01/2023;Roberto Lima;PAGO;DOC_0704.txt;2026-04-22 01:36:45;True;;;;;;;;;;;;;;;;;;;;;;;;;;;;;;;;;;;;;;;
NOTA_FISCAL;NF-51591;20/09/2023;Limpeza & Facilities;56789012000178;19500.0;30/09/2023;Roberto Lima;PAGO;DOC_0705.txt;2026-04-22 01:36:53;True;;;;;;;;;;;;;;;;;;;;;;;;;;;;;;;;;;;;;;;
CONTRATO_ADITIVO;NF-57263;26/05/2023;Limpeza & Facilities;56789012000178;12000.0;04/06/2023;Carlos Mendes;PAGO;DOC_0706.txt;2026-04-22 01:36:55;True;;;;;;;;;;;;;;;;;;;;;;;;;;;;;;;;;;;;;;;
;;;Consultoria RH Parceiros;;0.0;;;ESTORNADO;DOC_0707.txt;2026-04-22 01:37:03;True;;;;;;;;;;;;;;;;;;;;;;RECIBO;NF-29826;17/09/2024;34.567.890/0001-34;R$ 12.000,00;16/10/2024;Carlos Mendes;;;;;;;;;;;
NOTA_FISCAL;NF-31437;13/07/2023;Marketing Digital Pro;45678901000156;85000.0;18/07/2023;Maria Silva;PAGO;DOC_0708.txt;2026-04-22 01:37:05;False;;;;;;;;;;;;;;;;;;;;;;;;;;;;;;;;;;;;;;;
CONTRATO_ADITIVO;NF-69999;26/04/2023;Marketing Digital Pro;45678901000156;3500.0;28/05/2023;Ana Beatriz;ESTORNADO;DOC_0709.txt;2026-04-22 01:37:08;True;;;;;;;;;;;;;;;;;;;;;;;;;;;;;;;;;;;;;;;
NOTA_FISCAL;NF-83825;07/05/2023;TechSoft Ltda;12345678000190;8500.0;19/05/2023;Carlos Mendes;PAGO;DOC_0710.txt;2026-04-22 01:37:15;True;;;;;;;;;;;;;;;;;;;;;;;;;;;;;;;;;;;;;;;
NOTA_FISCAL;NF-98723;16/08/2024;Limpeza & Facilities;56789012000178;6000.0;21/08/2024;Maria Silva;ESTORNADO;DOC_0711.txt;2026-04-22 01:37:17;False;;;;;;;;;;;;;;;;;;;;;;;;;;;;;;;;;;;;;;;
NOTA_FISCAL;NF-52406;14/10/2023;Consultoria RH Parceiros;34567890000134;420000.0;10/11/2023;Ana Beatriz;PAGO;DOC_0712.txt;2026-04-22 01:37:25;True;;;;;;;;;;;;;;;;;;;;;;;;;;;;;;;;;;;;;;;
NOTA_FISCAL;NF-53178;2024-04-11;TechSoft Ltda;12345678000190;19500.0;2024-05-13;Ana Beatriz;PAGO;DOC_0713.txt;2026-04-22 01:37:29;True;2024-04-16;Consultoria em TI;Caixa Ag.0023 C/C 44321-0;;NLC0713145976;;;;;;;;;;;;;;;;;;;;;;;;;;;;;;;;;;
NOTA_FISCAL;NF-17279;24/11/2023;Limpeza & Facilities;56789012000178;6000.0;23/12/2023;Maria Silva;PENDENTE;DOC_0714.txt;2026-04-22 01:37:36;False;;;;;;;;;;;;;;;;;;;;;;;;;;;;;;;;;;;;;;;
CONTRATO_ADITIVO;NF-37292;03/04/2023;TechSoft Ltda;12345678000190;6000.0;18/04/2023;Roberto Lima;PAGO;DOC_0715.txt;2026-04-22 01:37:44;True;;;;;;;;;;;;;;;;;;;;;;;;;;;;;;;;;;;;;;;
CONTRATO_ADITIVO;NF-50645;14/10/2023;Marketing Digital Pro;45678901000156;600000.0;09/11/2023;Ana Beatriz;CANCELADO;DOC_0716.txt;2026-04-22 01:37:46;True;;;;;;;;;;;;;;;;;;;;;;;;;;;;;;;;;;;;;;;
NOTA_FISCAL;NF-60867;03/01/2024;Limpeza & Facilities;56789012000178;12000.0;25/01/2024;Carlos Mendes;ESTORNADO;DOC_0717.txt;2026-04-22 01:37:49;True;;;;;;;;;;;;;;;;;;;;;;;;;;;;;;;;;;;;;;;
CONTRATO_ADITIVO;NF-22182;31/03/2023;Consultoria RH Parceiros;34567890000134;12000.0;28/04/2023;Carlos Mendes;CANCELADO;DOC_0718.txt;2026-04-22 01:37:56;True;;;;;;;;;;;;;;;;;;;;;;;;;;;;;;;;;;;;;;;
FATURA;NF-48103;18/04/2024;Limpeza & Facilities;56789012000178;60000.0;11/05/2024;Fernanda Costa;PAGO;DOC_0719.txt;2026-04-22 01:37:59;True;;;;;;;;;;;;;;;;;;;;;;;;;;;;;;;;;;;;;;;
NOTA_FISCAL;NF-48729;29/03/2025;Marketing Digital Pro;45678901000156;6000.0;16/04/2025;Ana Beatriz;CANCELADO;DOC_0720.txt;2026-04-22 01:38:06;True;;;;;;;;;;;;;;;;;;;;;;;;;;;;;;;;;;;;;;;
NOTA_FISCAL;NF-56590;16/02/2023;TechSoft Ltda;12345678000190;15000.0;05/03/2023;Maria Silva;PAGO;DOC_0721.txt;2026-04-22 01:38:09;False;;;;;;;;;;;;;;;;;;;;;;;;;;;;;;;;;;;;;;;
NOTA_FISCAL;NF-15932;26/02/2025;Limpeza & Facilities;56789012000178;4200.0;15/03/2025;Carlos Mendes;CANCELADO;DOC_0722.txt;2026-04-22 01:38:11;True;;;;;;;;;;;;;;;;;;;;;;;;;;;;;;;;;;;;;;;
RECIBO;NF-34535;13/11/2023;Marketing Digital Pro;45678901000156;19500.0;07/12/2023;Fernanda Costa;PENDENTE;DOC_0723.txt;2026-04-22 01:38:19;True;;;;;;;;;;;;;;;;;;;;;;;;;;;;;;;;;;;;;;;
NOTA_FISCAL;NF-61764;01/02/2025;DataCenter Cloud SA;23456789000112;4200.0;23/02/2025;Fernanda Costa;PAGO;DOC_0724.txt;2026-04-22 01:38:21;True;;;;;;;;;;;;;;;;;;;;;;;;;;;;;;;;;;;;;;;
NOTA_FISCAL;NF-98316;30/10/2024;TechSoft Ltda;12345678000190;15000.0;18/11/2024;Roberto Lima;PENDENTE;DOC_0725.txt;2026-04-22 01:38:29;True;;;;;;;;;;;;;;;;;;;;;;;;;;;;;;;;;;;;;;;
RECIBO;NF-13514;30/03/2023;Marketing Digital Pro;45678901000156;3500.0;05/04/2023;Maria Silva;PAGO;DOC_0726.txt;2026-04-22 01:38:31;False;;;;;;;;;;;;;;;;;;;;;;;;;;;;;;;;;;;;;;;
NOTA_FISCAL;NF-72126;24/10/2024;Marketing Digital Pro;45678901000156;8500.0;04/11/2024;Ana Beatriz;PAGO;DOC_0727.txt;2026-04-22 01:38:38;True;;;;;;;;;;;;;;;;;;;;;;;;;;;;;;;;;;;;;;;
NOTA_FISCAL;NF-86706;20/06/2023;TechSoft Ltda;12345678000190;19500.0;19/07/2023;Roberto Lima;ESTORNADO;DOC_0728.txt;2026-04-22 01:38:41;True;;;;;;;;;;;;;;;;;;;;;;;;;;;;;;;;;;;;;;;
RECIBO;NF-64484;03/08/2024;DataCenter Cloud SA;23456789000112;3500.0;02/09/2024;Maria Silva;CANCELADO;DOC_0729.txt;2026-04-22 01:38:43;True;06/08/2024;Monitoramento 24h;Itaú Ag.5678 C/C 12345-6;;;;;;;;;;;;;;;;;;;;;;;;;;;;;;;;;;;;
RECIBO;NF-40396;04/02/2023;Marketing Digital Pro;45678901000156;19500.0;23/02/2023;Fernanda Costa;ESTORNADO;DOC_0730.txt;2026-04-22 01:38:51;True;;;;;;;;;;;;;;;;;;;;;;;;;;;;;;;;;;;;;;;
NOTA_FISCAL;NF-74852;06/03/2024;TechSoft Ltda;12345678000190;4200.0;27/03/2024;Roberto Lima;PAGO;DOC_0731.txt;2026-04-22 01:38:53;True;;;;;;;;;;;;;;;;;;;;;;;;;;;;;;;;;;;;;;;
NOTA_FISCAL;NF-67424;15/12/2024;Consultoria RH Parceiros;34567890000134;6000.0;29/12/2024;Carlos Mendes;PENDENTE;DOC_0732.txt;2026-04-22 01:39:01;True;;;;;;;;;;;;;;;;;;;;;;;;;;;;;;;;;;;;;;;
NOTA_FISCAL;NF-61166;19/08/2024;Limpeza & Facilities;56789012000178;1200000.0;23/09/2024;Roberto Lima;PAGO;DOC_0733.txt;2026-04-22 01:39:03;True;;;;;;;;;;;;;;;;;;;;;;;;;;;;;;;;;;;;;;;
NOTA_FISCAL;NF-32713;28/03/2025;Consultoria RH Parceiros;34567890000134;8500.0;26/04/2025;Maria Silva;PAGO;DOC_0734.txt;2026-04-22 01:39:06;False;;;;;;;;;;;;;;;;;;;;;;;;;;;;;;;;;;;;;;;
NOTA_FISCAL;NF-12376;11/04/2023;DataCenter Cloud SA;23456789000112;19500.0;10/05/2023;Carlos Mendes;PAGO;DOC_0735.txt;2026-04-22 01:39:08;True;;;;;;;;;;;;;;;;;;;;;;;;;;;;;;;;;;;;;;;
FATURA;NF-90945;2024-11-23;Consultoria RH Parceiros;34567890000134;350000.0;2024-11-30;Ana Beatriz;PAGO;DOC_0736.txt;2026-04-22 01:39:16;True;2024-11-24;Recrutamento e Seleção;Santander Ag.3456 C/C 78901-2;;;;;;;;;;;;;;;;;;;;;;;;;;23/11/2024;30/11/2024;;;;;;;;;
NOTA_FISCAL;NF-77552;13/05/2024;TechSoft Ltda;12345678000190;12000.0;22/05/2024;Fernanda Costa;PAGO;DOC_0737.txt;2026-04-22 01:39:18;True;;;;;;;;;;;;;;;;;;;;;;;;;;;;;;;;;;;;;;;
NOTA_FISCAL;NF-83724;2024-03-21;TechSoft Ltda;12345678000190;42000.0;2024-04-19;Fernanda Costa;PAGO;DOC_0738.txt;2026-04-22 01:39:25;True;;;;;;;;;;;;;;;;;;;;;;;;;;;;;;;;;;;;;;;
NOTA_FISCAL;NF-76308;21/06/2023;Limpeza & Facilities;56789012000178;8500.0;12/07/2023;Carlos Mendes;ESTORNADO;DOC_0739.txt;2026-04-22 01:39:28;True;;;;;;;;;;;;;;;;;;;;;;;;;;;;;;;;;;;;;;;
NOTA_FISCAL;NF-10863;24/10/2024;TechSoft Ltda;12345678000190;6000.0;05/11/2024;Carlos Mendes;CANCELADO;DOC_0740.txt;2026-04-22 01:39:35;True;;;;;;;;;;;;;;;;;;;;;;;;;;;;;;;;;;;;;;;
FATURA;NF-92502;20/10/2023;Marketing Digital Pro;45678901000156;420000.0;07/11/2023;Ana Beatriz;PENDENTE;DOC_0741.txt;2026-04-22 01:39:38;True;;;;;;;;;;;;;;;;;;;;;;;;;;;;;;;;;;;;;;;
NOTA_FISCAL;NF-63648;06/02/2025;DataCenter Cloud SA;23456789000112;15000.0;07/03/2025;Carlos Mendes;CANCELADO;DOC_0742.txt;2026-04-22 01:39:41;True;;;;;;;;;;;;;;;;;;;;;;;;;;;;;;;;;;;;;;;
FATURA;NF-51262;30/01/2023;Limpeza & Facilities;56789012000178;3500.0;15/02/2023;Maria Silva;PENDENTE;DOC_0743.txt;2026-04-22 01:39:48;False;;;;;;;;;;;;;;;;;;;;;;;;;;;;;;;;;;;;;;;
CONTRATO_ADITIVO;NF-64959;04/03/2023;DataCenter Cloud SA;23456789000112;6000.0;17/03/2023;Maria Silva;PAGO;DOC_0744.txt;2026-04-22 01:39:51;False;;;;;;;;;;;;;;;;;;;;;;;;;;;;;;;;;;;;;;;
RECIBO;NF-62944;06/01/2025;Limpeza & Facilities;56789012000178;12000.0;01/02/2025;Ana Beatriz;PAGO;DOC_0745.txt;2026-04-22 01:39:58;True;;;;;;;;;;;;;;;;;;;;;;;;;;;;;;;;;;;;;;;
NOTA_FISCAL;NF-80442;2024-12-10;DataCenter Cloud SA;23456789000112;1500000.0;2024-12-27;Ana Beatriz;PAGO;DOC_0746.txt;2026-04-22 01:40:00;True;;;;;;;;;;;;;;;;;;;;;;;;;;;;;;;;;;;;;;;
NOTA_FISCAL;NF-78332;14/06/2024;Marketing Digital Pro;45678901000156;8500.0;04/07/2024;Fernanda Costa;PAGO;DOC_0747.txt;2026-04-22 01:40:03;True;;;;;;;;;;;;;;;;;;;;;;;;;;;;;;;;;;;;;;;
NOTA_FISCAL;NF-17857;25/01/2023;DataCenter Cloud SA;23456789000112;10000.0;27/02/2023;Ana Beatriz;PAGO;DOC_0748.txt;2026-04-22 01:40:05;True;;;;;;;;;;;;;;;;;;;;;;;;;;;;;;;;;;;;;;;
RECIBO;NF-85030;02/10/2024;Consultoria RH Parceiros;34567890000134;4200.0;02/10/2024;Maria Silva;PAGO;DOC_0749.txt;2026-04-22 01:40:13;False;;Recrutamento e Seleção;Santander Ag.3456 C/C 78901-2;;;;;;;;;;;;;;;;;;;;;;;;;;;;;;;;;;;;
NOTA_FISCAL;NF-59501;02/01/2024;TechSoft Ltda;12345678000190;8500.0;22/12/2023;Ana Beatriz;PAGO;DOC_0750.txt;2026-04-22 01:40:20;True;;;;;;;;;;;;;;;;;;;;;;;;;;;;;;;;;;;;;;;
;;;;;0.0;;;;DOC_0751.txt;2026-04-22 01:40:23;True;;;;;;;;;DataCenter Cloud SA;;;;;;;;;;;;;;;;;;;;;;NOTA_FISCAL;NF-65796;28/12/2023;23.456.789/0001-12;R$ 8.500,00;19/12/2023;Roberto Lima;PAGO;
NOTA_FISCAL;NF-98712;10/03/2024;TechSoft Ltda;12345678000190;19500.0;09/04/2024;Roberto Lima;PENDENTE;DOC_0752.txt;2026-04-22 01:40:25;True;;;;;;;;;;;;;;;;;;;;;;;;;;;;;;;;;;;;;;;
CONTRATO_ADITIVO;NF-28919;25/09/2023;Marketing Digital Pro;45678901000156;15000.0;17/10/2023;Roberto Lima;PAGO;DOC_0753.txt;2026-04-22 01:40:27;True;;;;;;;;;;;;;;;;;;;;;;;;;;;;;;;;;;;;;;;
NOTA_FISCAL;NF-30557;28/12/2024;DataCenter Cloud SA;23456789000112;4200.0;13/01/2025;Roberto Lima;PAGO;DOC_0754.txt;2026-04-22 01:40:35;True;;;;;;;;;;;;;;;;;;;;;;;;;;;;;;;;;;;;;;;
NOTA_FISCAL;NF-15279;05/09/2024;Consultoria RH Parceiros;34567890000134;4200.0;06/10/2024;Ana Beatriz;PAGO;DOC_0755.txt;2026-04-22 01:40:37;True;;;;;;;;;;;;;;;;;;;;;;;;;;;;;;;;;;;;;;;
NOTA_FISCAL;NF-28630;14/01/2024;DataCenter Cloud SA;23456789000112;10000.0;26/01/2024;Roberto Lima;PAGO;DOC_0756.txt;2026-04-22 01:40:45;True;;;;;;;;;;;;;;;;;;;;;;;;;;;;;;;;;;;;;;;
CONTRATO_ADITIVO;NF-26033;17/02/2023;Limpeza & Facilities;56789012000178;10000.0;21/03/2023;Carlos Mendes;PAGO;DOC_0757.txt;2026-04-22 01:40:47;True;;;;;;;;;;;;;;;;;;;;;;;;;;;;;;;;;;;;;;;
NOTA_FISCAL;NF-72289;12/02/2023;Consultoria RH Parceiros;34567890000134;10000.0;01/03/2023;Roberto Lima;CANCELADO;DOC_0758.txt;2026-04-22 01:40:55;True;15/02/2023;;Bradesco Ag.0001 C/C 99887-7;;;;;;;;;;;;;;;;;;;;;;;;;;;;;;;;;;;;
NOTA_FISCAL;NF-21706;15/02/2025;Limpeza & Facilities;56789012000178;19500.0;24/02/2025;Roberto Lima;PENDENTE;DOC_0759.txt;2026-04-22 01:40:57;True;;;;;;;;;;;;;;;;;;;;;;;;;;;;;;;;;;;;;;;
CONTRATO_ADITIVO;NF-94661;2024-01-29;Limpeza & Facilities;56789012000178;1200000.0;2024-02-09;Maria Silva;PAGO;DOC_0760.txt;2026-04-22 01:41:00;False;;;;;;;;;;;;;;;;;;;;;;;;;;;;;;;;;;;;;;;
NOTA_FISCAL;NF-35221;03/08/2024;DataCenter Cloud SA;23456789000112;10000.0;29/08/2024;Maria Silva;PAGO;DOC_0761.txt;2026-04-22 01:41:02;False;;;;;;;;;;;;;;;;;;;;;;;;;;;;;;;;;;;;;;;
NOTA_FISCAL;NF-12486;05/08/2024;Limpeza & Facilities;56789012000178;19500.0;23/08/2024;Maria Silva;PAGO;DOC_0762.txt;2026-04-22 01:41:10;False;;;;;;;;;;;;;;;;;;;;;;;;;;;;;;;;;;;;;;;
NOTA_FISCAL;NF-62664;19/12/2024;DataCenter Cloud SA;23456789000112;19500.0;19/01/2025;Fernanda Costa;PENDENTE;DOC_0763.txt;2026-04-22 01:41:17;True;;Hospedagem Cloud;Caixa Ag.0023 C/C 44321-0;;NLC0763717499;;;;;;;;;;;;;;;;;;;;;;;;;;;;;;;;;;
NOTA_FISCAL;NF-60070;21/01/2023;TechSoft Ltda;12345678000190;600000.0;04/02/2023;Maria Silva;PENDENTE;DOC_0764.txt;2026-04-22 01:41:20;False;;;;;;;;;;;;;;;;;;;;;;;;;;;;;;;;;;;;;;;
NOTA_FISCAL;NF-30214;11/04/2023;TechSoft Ltda;12345678000190;10000.0;30/04/2023;Carlos Mendes;PAGO;DOC_0765.txt;2026-04-22 01:41:22;True;;;;;;;;;;;;;;;;;;;;;;;;;;;;;;;;;;;;;;;
NOTA_FISCAL;NF-22942;28/02/2023;Marketing Digital Pro;45678901000156;6000.0;22/03/2023;Maria Silva;CANCELADO;DOC_0766.txt;2026-04-22 01:41:30;True;;;;;;;;;;;;;;;;;;;;;;;;;;;;;;;;;;;;;;;
CONTRATO_ADITIVO;NF-74615;25/11/2023;DataCenter Cloud SA;23456789000112;4200.0;07/12/2023;Carlos Mendes;PAGO;DOC_0767.txt;2026-04-22 01:41:32;True;;;;;;;;;;;;;;;;;;;;;;;;;;;;;;;;;;;;;;;
CONTRATO_ADITIVO;NF-73461;28/04/2023;Limpeza & Facilities;56789012000178;12000.0;07/05/2023;Fernanda Costa;PAGO;DOC_0768.txt;2026-04-22 01:41:35;True;;;;;;;;;;;;;;;;;;;;;;;;;;;;;;;;;;;;;;;
NOTA_FISCAL;NF-84481;16/01/2023;Marketing Digital Pro;45678901000156;4200.0;29/01/2023;Fernanda Costa;PAGO;DOC_0769.txt;2026-04-22 01:41:42;True;;;;;;;;;;;;;;;;;;;;;;;;;;;;;;;;;;;;;;;
NOTA_FISCAL;NF-80455;12/10/2024;Marketing Digital Pro;45678901000156;6000.0;30/10/2024;Fernanda Costa;PAGO;DOC_0770.txt;2026-04-22 01:41:45;True;;;;;;;;;;;;;;;;;;;;;;;;;;;;;;;;;;;;;;;
NOTA_FISCAL;NF-45822;09/02/2023;Limpeza & Facilities;56789012000178;10000.0;13/02/2023;Maria Silva;ESTORNADO;DOC_0771.txt;2026-04-22 01:41:47;False;;;;;;;;;;;;;;;;;;;;;;;;;;;;;;;;;;;;;;;
CONTRATO_ADITIVO;NF-31157;21/12/2023;Consultoria RH Parceiros;34567890000134;8500.0;22/01/2024;Fernanda Costa;PAGO;DOC_0772.txt;2026-04-22 01:41:54;True;;Gestão de Benefícios;;;;;;;;;;;;;;;;;;;;;;;;;;;;;;;;;;;;;
NOTA_FISCAL;NF-37636;01/11/2023;Limpeza & Facilities;56789012000178;4200.0;07/11/2023;Fernanda Costa;CANCELADO;DOC_0773.txt;2026-04-22 01:41:57;True;;;;;;;;;;;;;;;;;;;;;;;;;;;;;;;;;;;;;;;
FATURA;NF-54778;24/11/2024;Limpeza & Facilities;56789012000178;10000.0;10/12/2024;Ana Beatriz;PENDENTE;DOC_0774.txt;2026-04-22 01:42:04;True;;Jardinagem e Áreas Verdes;Banco do Brasil Ag.1234 C/C 56789-0;;NLC0774320855;;;;;;;;;;;;;;;;;;;;;;;;;;;;;;;;;;
FATURA;NF-11255;12/01/2023;Marketing Digital Pro;45678901000156;6000.0;16/02/2023;Fernanda Costa;PAGO;DOC_0775.txt;2026-04-22 01:42:07;True;;;;;;;;;;;;;;;;;;;;;;;;;;;;;;;;;;;;;;;
CONTRATO_ADITIVO;NF-80601;18/07/2024;DataCenter Cloud SA;23456789000112;19500.0;21/08/2024;Fernanda Costa;PAGO;DOC_0776.txt;2026-04-22 01:42:14;True;;;;;;;;;;;;;;;;;;;;;;;;;;;;;;;;;;;;;;;
NOTA_FISCAL;NF-70646;25/12/2023;Marketing Digital Pro;45678901000156;12000.0;24/01/2024;Carlos Mendes;PAGO;DOC_0777.txt;2026-04-22 01:42:22;True;;;;;;;;;;;;;;;;;;;;;;;;;;;;;;;;;;;;;;;
NOTA_FISCAL;NF-90405;05/01/2023;DataCenter Cloud SA;23456789000112;3500.0;18/01/2023;Ana Beatriz;PAGO;DOC_0778.txt;2026-04-22 01:42:25;True;;;;;;;;;;;;;;;;;;;;;;;;;;;;;;;;;;;;;;;
NOTA_FISCAL;NF-10935;2023-08-26;Consultoria RH Parceiros;34567890000134;3500.0;2023-09-13;Roberto Lima;PAGO;DOC_0779.txt;2026-04-22 01:42:27;True;;;;;;;;;;;;;;;;;;;;;;;;;;;;;;;;;;;;;;;
NOTA_FISCAL;NF-18566;08/10/2023;Marketing Digital Pro;45678901000156;19500.0;31/10/2023;Fernanda Costa;PAGO;DOC_0780.txt;2026-04-22 01:42:30;True;;;;;;;;;;;;;;;;;;;;;;;;;;;;;;;;;;;;;;;
NOTA_FISCAL;NF-98832;07/05/2023;DataCenter Cloud SA;23456789000112;8500.0;20/05/2023;Ana Beatriz;PAGO;DOC_0781.txt;2026-04-22 01:42:32;True;;;;;;;;;;;;;;;;;;;;;;;;;;;;;;;;;;;;;;;
RECIBO;NF-63330;25/11/2024;Limpeza & Facilities;56789012000178;3500.0;16/12/2024;Maria Silva;CANCELADO;DOC_0782.txt;2026-04-22 01:42:39;True;;;;;;;;;;;;;;;;;;;;;;;;;;;;;;;;;;;;;;;
NOTA_FISCAL;NF-79784;18/05/2024;TechSoft Ltda;12345678000190;3500.0;03/06/2024;Maria Silva;CANCELADO;DOC_0783.txt;2026-04-22 01:42:42;True;;;;;;;;;;;;;;;;;;;;;;;;;;;;;;;;;;;;;;;
NOTA_FISCAL;NF-19757;04/02/2024;Consultoria RH Parceiros;34567890000134;42000.0;13/02/2024;Maria Silva;CANCELADO;DOC_0784.txt;2026-04-22 01:42:49;True;;;;;;;;;;;;;;;;;;;;;;;;;;;;;;;;;;;;;;;
NOTA_FISCAL;NF-87664;04/12/2023;DataCenter Cloud SA;23456789000112;4200.0;14/12/2023;Roberto Lima;PAGO;DOC_0785.txt;2026-04-22 01:42:57;True;;;;;;;;;;;;;;;;;;;;;;;;;;;;;;;;;;;;;;;
RECIBO;NF-19556;08/09/2023;Consultoria RH Parceiros;34567890000134;850000.0;15/09/2023;Maria Silva;PAGO;DOC_0786.txt;2026-04-22 01:42:59;False;;;;;;;;;;;;;;;;;;;;;;;;;;;;;;;;;;;;;;;
NOTA_FISCAL;NF-14370;16/02/2025;Limpeza & Facilities;56789012000178;19500.0;25/02/2025;Maria Silva;PAGO;DOC_0787.txt;2026-04-22 01:43:02;False;;;;;;;;;;;;;;;;;;;;;;;;;;;;;;;;;;;;;;;
NOTA_FISCAL;NF-18623;12/03/2025;Consultoria RH Parceiros;34567890000134;19500.0;17/03/2025;Ana Beatriz;CANCELADO;DOC_0788.txt;2026-04-22 01:43:04;True;;;;;;;;;;;;;;;;;;;;;;;;;;;;;;;;;;;;;;;
NOTA_FISCAL;NF-88587;29/10/2023;TechSoft Ltda;12345678000190;0.0;26/11/2023;Fernanda Costa;PAGO;DOC_0789.txt;2026-04-22 01:43:12;True;;;;;;;;;;;;;;;;;;;;;;;;;;;;;;;;;;;;;;;
NOTA_FISCAL;NF-95317;06/04/2024;Limpeza & Facilities;56789012000178;1500000.0;22/04/2024;Fernanda Costa;PENDENTE;DOC_0790.txt;2026-04-22 01:43:14;True;;Portaria e Recepção;Itaú Ag.5678 C/C 12345-6;;;;;;;;;;;;;;;;;;;;;;;;;;;;;;;;;;;;
NOTA_FISCAL;NF-87710;09/06/2024;TechSoft Ltda;12345678000190;8500.0;24/06/2024;Maria Silva;PAGO;DOC_0791.txt;2026-04-22 01:43:22;False;;;;;;;;;;;;;;;;;;;;;;;;;;;;;;;;;;;;;;;
NOTA_FISCAL;NF-34369;12/10/2024;DataCenter Cloud SA;23456789000112;12000.0;31/10/2024;Roberto Lima;ESTORNADO;DOC_0792.txt;2026-04-22 01:43:24;True;;;;;;;;;;;;;;;;;;;;;;;;;;;;;;;;;;;;;;;
NOTA_FISCAL;NF-29321;01/03/2023;DataCenter Cloud SA;23456789000112;15000.0;08/03/2023;Ana Beatriz;PAGO;DOC_0793.txt;2026-04-22 01:43:31;True;;;;;;;;;;;;;;;;;;;;;;;;;;;;;;;;;;;;;;;
FATURA;NF-65320;26/10/2023;Consultoria RH Parceiros;34567890000134;6000.0;07/11/2023;Carlos Mendes;PAGO;DOC_0794.txt;2026-04-22 01:43:34;True;;;;;;;;;;;;;;;;;;;;;;;;;;;;;;;;;;;;;;;
NOTA_FISCAL;NF-88612;16/10/2024;DataCenter Cloud SA;23456789000112;4200.0;16/11/2024;Carlos Mendes;ESTORNADO;DOC_0795.txt;2026-04-22 01:43:36;True;;;;;;;;;;;;;;;;;;;;;;;;;;;;;;;;;;;;;;;
FATURA;NF-75002;19/09/2024;Consultoria RH Parceiros;34567890000134;12000.0;02/10/2024;Maria Silva;PAGO;DOC_0796.txt;2026-04-22 01:43:39;False;;;;;;;;;;;;;;;;;;;;;;;;;;;;;;;;;;;;;;;
NOTA_FISCAL;NF-36911;07/12/2024;TechSoft Ltda;12345678000190;8500.0;18/12/2024;Roberto Lima;CANCELADO;DOC_0797.txt;2026-04-22 01:43:46;True;;;;;;;;;;;;;;;;;;;;;;;;;;;;;;;;;;;;;;;
NOTA_FISCAL;NF-48086;07/01/2024;DataCenter Cloud SA;23456789000112;1200000.0;08/01/2024;Fernanda Costa;PAGO;DOC_0798.txt;2026-04-22 01:43:49;True;;;;;;;;;;;;;;;;;;;;;;;;;;;;;;;;;;;;;;;
FATURA;NF-32843;14/02/2023;DataCenter Cloud SA;23456789000112;8500.0;15/02/2023;Carlos Mendes;PAGO;DOC_0799.txt;2026-04-22 01:43:51;True;;;;;;;;;;;;;;;;;;;;;;;;;;;;;;;;;;;;;;;
NOTA_FISCAL;NF-59666;02/07/2023;Limpeza & Facilities;56789012000178;600000.0;09/07/2023;Maria Silva;PAGO;DOC_0800.txt;2026-04-22 01:43:59;False;;;;;;;;;;;;;;;;;;;;;;;;;;;;;;;;;;;;;;;
FATURA;NF-18569;01/08/2023;TechSoft Ltda;12345678000190;8500.0;14/08/2023;Ana Beatriz;CANCELADO;DOC_0801.txt;2026-04-22 01:44:06;True;;;;;;;;;;;;;;;;;;;;;;;;;;;;;;;;;;;;;;;
NOTA_FISCAL;NF-93380;23/03/2025;DataCenter Cloud SA;23456789000112;15000.0;31/03/2025;Ana Beatriz;CANCELADO;DOC_0802.txt;2026-04-22 01:44:09;True;;;;;;;;;;;;;;;;;;;;;;;;;;;;;;;;;;;;;;;
NOTA_FISCAL;NF-76619;01/07/2024;TechSoft Ltda;12345678000190;12000.0;12/07/2024;Maria Silva;PAGO;DOC_0803.txt;2026-04-22 01:44:11;False;;;;;;;;;;;;;;;;;;;;;;;;;;;;;;;;;;;;;;;
NOTA_FISCAL;NF-75350;14/01/2025;Marketing Digital Pro;45678901000156;4200.0;17/01/2025;Fernanda Costa;PENDENTE;DOC_0804.txt;2026-04-22 01:44:13;True;11/01/2025;;;;;;;;;;;;;;;;;;;;;;;;;;;;;;;;;;;;;;
NOTA_FISCAL;NF-93637;24/11/2023;Marketing Digital Pro;45678901000156;19500.0;19/12/2023;Roberto Lima;CANCELADO;DOC_0805.txt;2026-04-22 01:44:21;True;;;;;;;;;;;;;;;;;;;;;;;;;;;;;;;;;;;;;;;
NOTA_FISCAL;NF-65708;31/07/2023;Limpeza & Facilities;56789012000178;19500.0;09/08/2023;Roberto Lima;PAGO;DOC_0806.txt;2026-04-22 01:44:23;True;;;;;;;;;;;;;;;;;;;;;;;;;;;;;;;;;;;;;;;
NOTA_FISCAL;NF-78002;15/01/2024;Limpeza & Facilities;56789012000178;4200.0;28/01/2024;Maria Silva;ESTORNADO;DOC_0807.txt;2026-04-22 01:44:31;False;;;;;;;;;;;;;;;;;;;;;;;;;;;;;;;;;;;;;;;
NOTA_FISCAL;NF-63602;17/04/2024;DataCenter Cloud SA;23456789000112;12000.0;08/05/2024;Roberto Lima;CANCELADO;DOC_0808.txt;2026-04-22 01:44:38;True;;;;;;;;;;;;;;;;;;;;;;;;;;;;;;;;;;;;;;;
FATURA;NF-57067;07/10/2023;Marketing Digital Pro;45678901000156;6000.0;20/10/2023;Carlos Mendes;PAGO;DOC_0809.txt;2026-04-22 01:44:40;True;;;;;;;;;;;;;;;;;;;;;;;;;;;;;;;;;;;;;;;
NOTA_FISCAL;NF-81568;14/03/2025;Consultoria RH Parceiros;34567890000134;42000.0;24/03/2025;Maria Silva;PAGO;DOC_0810.txt;2026-04-22 01:44:43;False;;;;;;;;;;;;;;;;;;;;;;;;;;;;;;;;;;;;;;;
NOTA_FISCAL;NF-81188;20/11/2024;Consultoria RH Parceiros;34567890000134;10000.0;03/12/2024;Carlos Mendes;PAGO;DOC_0811.txt;2026-04-22 01:44:45;True;;;;;;;;;;;;;;;;;;;;;;;;;;;;;;;;;;;;;;;
RECIBO;NF-95733;14/10/2023;TechSoft Ltda;12345678000190;15000.0;12/11/2023;Fernanda Costa;ESTORNADO;DOC_0812.txt;2026-04-22 01:44:53;True;;;;;;;;;;;;;;;;;;;;;;;;;;;;;;;;;;;;;;;
CONTRATO_ADITIVO;NF-70476;17/08/2023;DataCenter Cloud SA;23456789000112;8500.0;30/08/2023;Carlos Mendes;ESTORNADO;DOC_0813.txt;2026-04-22 01:44:55;True;;;;;;;;;;;;;;;;;;;;;;;;;;;;;;;;;;;;;;;
FATURA;;07/07/2023;TechSoft Ltda;12345678000190;15000.0;26/07/2023;Roberto Lima;PAGO;DOC_0814.txt;2026-04-22 01:44:57;True;;;;;;;;;;;;;;;;;;;;;;;;;;;;;;;;;;;;;;;
NOTA_FISCAL;NF-65799;09/11/2023;Limpeza & Facilities;56789012000178;195000.0;03/12/2023;Ana Beatriz;CANCELADO;DOC_0815.txt;2026-04-22 01:45:05;True;;;;;;;;;;;;;;;;;;;;;;;;;;;;;;;;;;;;;;;
RECIBO;NF-59980;30/11/2023;Marketing Digital Pro;45678901000156;3500.0;19/12/2023;Carlos Mendes;CANCELADO;DOC_0816.txt;2026-04-22 01:45:08;True;30/11/2023;;;;;;;;;;;;;;;;;;;;;;;;;;;;;;;;;;;;;;
NOTA_FISCAL;NF-93755;01/07/2024;Marketing Digital Pro;45678901000156;195000.0;14/07/2024;Ana Beatriz;ESTORNADO;DOC_0817.txt;2026-04-22 01:45:15;True;;;;;;;;;;;;;;;;;;;;;;;;;;;;;;;;;;;;;;;
NOTA_FISCAL;NF-34470;13/04/2023;TechSoft Ltda;12345678000190;6000.0;09/05/2023;Fernanda Costa;PAGO;DOC_0818.txt;2026-04-22 01:45:17;True;;;;;;;;;;;;;;;;;;;;;;;;;;;;;;;;;;;;;;;
CONTRATO_ADITIVO;NF-58319;2023-10-17;TechSoft Ltda;12345678000190;1000000.0;2023-10-25;Maria Silva;PAGO;DOC_0819.txt;2026-04-22 01:45:25;False;;;;;;;;;;;;;;;;;;;;;;;;;;;;;;;;;;;;;;;
NOTA_FISCAL;NF-72685;28/11/2023;TechSoft Ltda;12345678000190;15000.0;29/12/2023;Maria Silva;CANCELADO;DOC_0820.txt;2026-04-22 01:45:27;True;;;;;;;;;;;;;;;;;;;;;;;;;;;;;;;;;;;;;;;
CONTRATO_ADITIVO;NF-87003;30/07/2023;TechSoft Ltda;12345678000190;10000.0;05/08/2023;Roberto Lima;PAGO;DOC_0821.txt;2026-04-22 01:45:35;True;;;;;;;;;;;;;;;;;;;;;;;;;;;;;;;;;;;;;;;
NOTA_FISCAL;NF-78925;10/10/2023;Limpeza & Facilities;56789012000178;60000.0;17/10/2023;Maria Silva;PAGO;DOC_0822.txt;2026-04-22 01:45:37;False;;;;;;;;;;;;;;;;;;;;;;;;;;;;;;;;;;;;;;;
NOTA_FISCAL;NF-48987;12/04/2024;Limpeza & Facilities;56789012000178;3500.0;01/05/2024;Ana Beatriz;PENDENTE;DOC_0823.txt;2026-04-22 01:45:40;True;;;;;;;;;;;;;;;;;;;;;;;;;;;;;;;;;;;;;;;
NOTA_FISCAL;NF-61583;2024-02-29;Limpeza & Facilities;56789012000178;1500000.0;2024-03-09;Roberto Lima;PAGO;DOC_0824.txt;2026-04-22 01:45:42;True;;;;;;;;;;;;;;;;;;;;;;;;;;;;;;;;;;;;;;;
NOTA_FISCAL;NF-82459;06/06/2023;TechSoft Ltda;12345678000190;10000.0;20/06/2023;Carlos Mendes;CANCELADO;DOC_0825.txt;2026-04-22 01:45:50;True;;;;;;;;;;;;;;;;;;;;;;;;;;;;;;;;;;;;;;;
NOTA_FISCAL;NF-37180;08/02/2025;Consultoria RH Parceiros;34567890000134;120000.0;16/02/2025;Roberto Lima;PAGO;DOC_0826.txt;2026-04-22 01:45:52;True;;;;;;;;;;;;;;;;;;;;;;;;;;;;;;;;;;;;;;;
NOTA_FISCAL;NF-61992;23/01/2023;TechSoft Ltda;12345678000190;19500.0;31/01/2023;Ana Beatriz;PAGO;DOC_0827.txt;2026-04-22 01:46:00;True;;;;;;;;;;;;;;;;;;;;;;;;;;;;;;;;;;;;;;;
RECIBO;NF-20819;27/04/2023;TechSoft Ltda;12345678000190;12000.0;21/05/2023;Roberto Lima;PAGO;DOC_0828.txt;2026-04-22 01:46:02;True;;;;;;;;;;;;;;;;;;;;;;;;;;;;;;;;;;;;;;;
NOTA_FISCAL;NF-33230;2023-05-22;DataCenter Cloud SA;23456789000112;60000.0;2023-06-09;Maria Silva;PAGO;DOC_0829.txt;2026-04-22 01:46:05;False;;;;;;;;;;;;;;;;;;;;;;;;;;;;;;;;;;;;;;;
CONTRATO_ADITIVO;NF-33322;17/06/2023;TechSoft Ltda;12345678000190;3500.0;25/06/2023;Carlos Mendes;PENDENTE;DOC_0830.txt;2026-04-22 01:46:07;True;;;;;;;;;;;;;;;;;;;;;;;;;;;;;;;;;;;;;;;
NOTA_FISCAL;NF-88407;28/03/2024;TechSoft Ltda;12345678000190;4200.0;20/04/2024;Ana Beatriz;PAGO;DOC_0831.txt;2026-04-22 01:46:15;True;;;;;;;;;;;;;;;;;;;;;;;;;;;;;;;;;;;;;;;
CONTRATO_ADITIVO;NF-65270;2025-02-23;TechSoft Ltda;12345678000190;12000.0;2025-03-03;Carlos Mendes;PAGO;DOC_0832.txt;2026-04-22 01:46:17;True;;;;;;;;;;;;;;;;;;;;;;;;;;;;;;;;;;;;;;;
FATURA;NF-15768;11/07/2023;TechSoft Ltda;12345678000190;4200.0;07/08/2023;Maria Silva;PAGO;DOC_0833.txt;2026-04-22 01:46:25;False;;;;;;;;;;;;;;;;;;;;;;;;;;;;;;;;;;;;;;;
NOTA_FISCAL;NF-66083;27/11/2023;Limpeza & Facilities;56789012000178;8500.0;12/12/2023;Carlos Mendes;CANCELADO;DOC_0834.txt;2026-04-22 01:46:27;True;;;;;;;;;;;;;;;;;;;;;;;;;;;;;;;;;;;;;;;
NOTA_FISCAL;NF-61011;17/04/2023;DataCenter Cloud SA;23456789000112;6000.0;01/05/2023;Roberto Lima;PAGO;DOC_0835.txt;2026-04-22 01:46:29;True;;;;;;;;;;;;;;;;;;;;;;;;;;;;;;;;;;;;;;;
NOTA_FISCAL;NF-49522;09/03/2023;Marketing Digital Pro;45678901000156;12000.0;31/03/2023;Maria Silva;CANCELADO;DOC_0836.txt;2026-04-22 01:46:37;True;;;;;;;;;;;;;;;;;;;;;;;;;;;;;;;;;;;;;;;
NOTA_FISCAL;NF-92689;11/04/2023;Limpeza & Facilities;56789012000178;600000.0;08/05/2023;Maria Silva;PENDENTE;DOC_0837.txt;2026-04-22 01:46:39;False;;;;;;;;;;;;;;;;;;;;;;;;;;;;;;;;;;;;;;;
NOTA_FISCAL;NF-89761;02/12/2023;Marketing Digital Pro;45678901000156;12000.0;13/12/2023;Maria Silva;PAGO;DOC_0838.txt;2026-04-22 01:46:42;False;;;;;;;;;;;;;;;;;;;;;;;;;;;;;;;;;;;;;;;
CONTRATO_ADITIVO;NF-12780;02/06/2024;Marketing Digital Pro;45678901000156;8500.0;28/06/2024;Fernanda Costa;PAGO;DOC_0839.txt;2026-04-22 01:46:49;True;;;;;;;;;;;;;;;;;;;;;;;;;;;;;;;;;;;;;;;
RECIBO;NF-59089;2023-08-28;TechSoft Ltda;12345678000190;85000.0;2023-09-24;Maria Silva;PAGO;DOC_0840.txt;2026-04-22 01:46:51;False;;;;;;;;;;;;;;;;;;;;;;;;;;;;;;;;;;;;;;;
NOTA_FISCAL;NF-27598;04/06/2023;Consultoria RH Parceiros;34567890000134;3500.0;18/06/2023;Fernanda Costa;PENDENTE;DOC_0841.txt;2026-04-22 01:46:59;True;;;;;;;;;;;;;;;;;;;;;;;;;;;;;;;;;;;;;;;
NOTA_FISCAL;NF-41752;2024-06-14;Consultoria RH Parceiros;34567890000134;1000000.0;2024-07-13;Carlos Mendes;PENDENTE;DOC_0842.txt;2026-04-22 01:47:02;True;;;;;;;;;;;;;;;;;;;;;;;;;;;;;;;;;;;;;;;
NOTA_FISCAL;NF-34057;06/11/2024;Limpeza & Facilities;56789012000178;8500.0;19/11/2024;Roberto Lima;PENDENTE;DOC_0843.txt;2026-04-22 01:47:05;True;;;;;;;;;;;;;;;;;;;;;;;;;;;;;;;;;;;;;;;
NOTA_FISCAL;NF-32764;18/05/2024;TechSoft Ltda;12345678000190;3500.0;21/05/2024;Carlos Mendes;PAGO;DOC_0844.txt;2026-04-22 01:47:12;True;;;;;;2024-05-17;;;;;;;;;;;;;;;;;;;;;;;;;;;;;;;;;
NOTA_FISCAL;NF-42102;30/08/2023;Limpeza & Facilities;56789012000178;15000.0;16/09/2023;Ana Beatriz;PAGO;DOC_0845.txt;2026-04-22 01:47:15;True;;;;;;;;;;;;;;;;;;;;;;;;;;;;;;;;;;;;;;;
NOTA_FISCAL;NF-57131;03/11/2023;DataCenter Cloud SA;23456789000112;19500.0;17/11/2023;Ana Beatriz;PAGO;DOC_0846.txt;2026-04-22 01:47:17;True;;;;;;;;;;;;;;;;;;;;;;;;;;;;;;;;;;;;;;;
NOTA_FISCAL;NF-66019;24/04/2024;Marketing Digital Pro;45678901000156;15000.0;12/05/2024;Roberto Lima;CANCELADO;DOC_0847.txt;2026-04-22 01:47:25;True;;;;;;;;;;;;;;;;;;;;;;;;;;;;;;;;;;;;;;;
RECIBO;NF-69454;31/08/2024;TechSoft Ltda;12345678000190;6000.0;19/09/2024;Roberto Lima;PAGO;DOC_0848.txt;2026-04-22 01:47:27;True;;;;;;;;;;;;;;;;;;;;;;;;;;;;;;;;;;;;;;;
NOTA_FISCAL;NF-11682;14/03/2023;Marketing Digital Pro;45678901000156;19500.0;26/03/2023;Carlos Mendes;PAGO;DOC_0849.txt;2026-04-22 01:47:35;True;15/03/2023;Campanha Google Ads;Banco do Brasil Ag.1234 C/C 56789-0;;NLC0849625021;;;;;;;;;;;;;;;;;;;;;;;;;;;;;;;;;;
NOTA_FISCAL;NF-94023;16/02/2024;Consultoria RH Parceiros;34567890000134;15000.0;20/03/2024;João Ninguém;PAGO;DOC_0850.txt;2026-04-22 01:47:37;True;;;;;;;;;;;;;;;;;;;;;;;;;;;;;;;;;;;;;;;
CONTRATO_ADITIVO;NF-43457;09/02/2023;TechSoft Ltda;12345678000190;15000.0;11/03/2023;Carlos Mendes;CANCELADO;DOC_0851.txt;2026-04-22 01:47:40;True;;;;;;;;;;;;;;;;;;;;;;;;;;;;;;;;;;;;;;;
NOTA_FISCAL;NF-72616;12/10/2024;Consultoria RH Parceiros;34567890000134;3500.0;04/11/2024;Roberto Lima;PAGO;DOC_0852.txt;2026-04-22 01:47:47;True;;;;;;;;;;;;;;;;;;;;;;;;;;;;;;;;;;;;;;;
NOTA_FISCAL;NF-43330;10/12/2024;Consultoria RH Parceiros;34567890000134;6000.0;06/01/2025;Fernanda Costa;PAGO;DOC_0853.txt;2026-04-22 01:47:50;True;;;;;;;;;;;;;;;;;;;;;;;;;;;;;;;;;;;;;;;
NOTA_FISCAL;NF-65436;13/01/2023;Limpeza & Facilities;56789012000178;15000.0;17/01/2023;Fernanda Costa;PAGO;DOC_0854.txt;2026-04-22 01:47:57;True;;;;;;;;;;;;;;;;;;;;;;;;;;;;;;;;;;;;;;;
RECIBO;NF-24322;05/12/2024;Marketing Digital Pro;45678901000156;15000.0;19/12/2024;Ana Beatriz;PAGO;DOC_0855.txt;2026-04-22 01:48:00;True;;;;;;;;;;;;;;;;;;;;;;;;;;;;;;;;;;;;;;;
FATURA;NF-74451;22/05/2023;Limpeza & Facilities;56789012000178;8500.0;05/06/2023;Ana Beatriz;PAGO;DOC_0856.txt;2026-04-22 01:48:02;True;;;;;;;;;;;;;;;;;;;;;;;;;;;;;;;;;;;;;;;
NOTA_FISCAL;NF-59106;28/02/2025;TechSoft Ltda;12345678000190;15000.0;26/03/2025;Roberto Lima;PAGO;DOC_0857.txt;2026-04-22 01:48:10;True;;;;;;;;;;;;;;;;;;;;;;;;;;;;;;;;;;;;;;;
NOTA_FISCAL;NF-36337;09/05/2024;DataCenter Cloud SA;23456789000112;4200.0;19/05/2024;Fernanda Costa;PAGO;DOC_0858.txt;2026-04-22 01:48:12;True;;;;;;;;;;;;;;;;;;;;;;;;;;;;;;;;;;;;;;;
NOTA_FISCAL;NF-48420;20/09/2023;DataCenter Cloud SA;23456789000112;19500.0;22/10/2023;Maria Silva;PAGO;DOC_0859.txt;2026-04-22 01:48:14;False;;;;;;;;;;;;;;;;;;;;;;;;;;;;;;;;;;;;;;;
NOTA_FISCAL;NF-98185;09/10/2023;Marketing Digital Pro;45678901000156;3500.0;14/10/2023;Carlos Mendes;ESTORNADO;DOC_0860.txt;2026-04-22 01:48:22;True;;;;;;;;;;;;;;;;;;;;;;;;;;;;;;;;;;;;;;;
NOTA_FISCAL;NF-59239;04/03/2023;TechSoft Ltda;12345678000190;3500.0;13/03/2023;Carlos Mendes;PAGO;DOC_0861.txt;2026-04-22 01:48:24;True;04/03/2023;;;;;;;;;;;;;;;;;;;;;;;;;;;;;;;;;;;;;;
RECIBO;NF-41404;10/05/2024;Limpeza & Facilities;56789012000178;15000.0;28/05/2024;Ana Beatriz;PENDENTE;DOC_0862.txt;2026-04-22 01:48:32;True;12/05/2024;;Bradesco Ag.0001 C/C 99887-7;;NLC0862478756;;;;;;;;;;;;;;;;;;;;;;;;;;;;;;;;;;
CONTRATO_ADITIVO;NF-28201;15/09/2024;Marketing Digital Pro;45678901000156;12000.0;19/09/2024;Maria Silva;CANCELADO;DOC_0863.txt;2026-04-22 01:48:34;True;;;;;;;;;;;;;;;;;;;;;;;;;;;;;;;;;;;;;;;
NOTA_FISCAL;NF-77490;22/06/2024;Limpeza & Facilities;56789012000178;8500.0;06/07/2024;Roberto Lima;ESTORNADO;DOC_0864.txt;2026-04-22 01:48:41;True;;;;;;;;;;;;;;;;;;;;;;;;;;;;;;;;;;;;;;;
NOTA_FISCAL;NF-40612;15/10/2024;DataCenter Cloud SA;23456789000112;3500.0;11/11/2024;Maria Silva;ESTORNADO;DOC_0865.txt;2026-04-22 01:48:44;False;;;;;;;;;;;;;;;;;;;;;;;;;;;;;;;;;;;;;;;
CONTRATO_ADITIVO;NF-48517;26/01/2025;Marketing Digital Pro;45678901000156;12000.0;15/02/2025;Roberto Lima;CANCELADO;DOC_0866.txt;2026-04-22 01:48:47;True;;;;;;;;;;;;;;;;;;;;;;;;;;;;;;;;;;;;;;;
NOTA_FISCAL;NF-98219;16/06/2024;DataCenter Cloud SA;23456789000112;3500.0;15/07/2024;Roberto Lima;PAGO;DOC_0867.txt;2026-04-22 01:48:54;True;;;;;;;;;;;;;;;;;;;;;;;;;;;;;;;;;;;;;;;
NOTA_FISCAL;NF-23824;29/03/2024;Marketing Digital Pro;45678901000156;8500.0;05/04/2024;Carlos Mendes;PAGO;DOC_0868.txt;2026-04-22 01:48:57;True;;;;;;;;;;;;;;;;;;;;;;;;;;;;;;;;;;;;;;;
NOTA_FISCAL;NF-97225;28/11/2023;TechSoft Ltda;12345678000190;10000.0;30/12/2023;Ana Beatriz;PAGO;DOC_0869.txt;2026-04-22 01:48:59;True;;;;;;;;;;;;;;;;;;;;;;;;;;;;;;;;;;;;;;;
NOTA_FISCAL;NF-94408;2023-03-29;Limpeza & Facilities;57890120000178;120000.0;2023-04-29;Fernanda Costa;PAGO;DOC_0870.txt;2026-04-22 01:49:07;True;;;;;;;;;;;;;;;;;;;;;;;;;;;;;;;;;;;;;;;
CONTRATO_ADITIVO;NF-48138;31/10/2024;Marketing Digital Pro;45678901000156;15000.0;27/10/2024;Carlos Mendes;PAGO;DOC_0871.txt;2026-04-22 01:49:09;True;;;;;;;;;;;;;;;;;;;;;;;;;;;;;;;;;;;;;;;
NOTA_FISCAL;NF-51074;15/12/2023;TechSoft Ltda;12345678000190;8500.0;08/01/2024;Fernanda Costa;PAGO;DOC_0872.txt;2026-04-22 01:49:12;True;;;;;;;;;;;;;;;;;;;;;;;;;;;;;;;;;;;;;;;
NOTA_FISCAL;NF-99037;15/11/2023;Limpeza & Facilities;56789012000178;8500.0;17/11/2023;Roberto Lima;PENDENTE;DOC_0873.txt;2026-04-22 01:49:19;True;;;;;;;;;;;;;;;;;;;;;;;;;;;;;;;;;;;;;;;
NOTA_FISCAL;NF-75514;20/04/2023;DataCenter Cloud SA;23456789000112;19500.0;03/05/2023;Carlos Mendes;PAGO;DOC_0874.txt;2026-04-22 01:49:22;True;;;;;;;;;;;;;;;;;;;;;;;;;;;;;;;;;;;;;;;
NOTA_FISCAL;NF-45841;06/09/2024;Marketing Digital Pro;45678901000156;3500.0;17/09/2024;Ana Beatriz;PAGO;DOC_0875.txt;2026-04-22 01:49:29;True;;;;;;;;;;;;;;;;;;;;;;;;;;;;;;;;;;;;;;;
NOTA_FISCAL;NF-30014;2024-10-07;Limpeza & Facilities;56789012000178;195000.0;2024-11-04;Roberto Lima;PENDENTE;DOC_0876.txt;2026-04-22 01:49:32;True;;;;;;;;;;;;;;;;;;;;;;;;;;;;;;;;;;;;;;;
NOTA_FISCAL;NF-12826;18/12/2024;DataCenter Cloud SA;23456789000112;6000.0;11/01/2025;Roberto Lima;PAGO;DOC_0877.txt;2026-04-22 01:49:34;True;;;;;;;;;;;;;;;;;;;;;;;;;;;;;;;;;;;;;;;
FATURA;NF-47010;05/03/2024;Marketing Digital Pro;45678901000156;12000.0;30/03/2024;Roberto Lima;PAGO;DOC_0878.txt;2026-04-22 01:49:42;True;;SEO e Analytics;Itaú Ag.5678 C/C 12345-6;;NLC0878830203;;;;;;;;;;;;;;;;;;;;;;;;;;;;;;;;;;
CONTRATO_ADITIVO;NF-67918;08/04/2023;DataCenter Cloud SA;23456789000112;3500.0;15/04/2023;Roberto Lima;PAGO;DOC_0879.txt;2026-04-22 01:49:44;True;;;;;;;;;;;;;;;;;;;;;;;;;;;;;;;;;;;;;;;
RECIBO;NF-98908;28/05/2023;Marketing Digital Pro;45678901000156;8500.0;05/06/2023;Ana Beatriz;PAGO;DOC_0880.txt;2026-04-22 01:49:52;True;;Gestão de Mídias Sociais;Caixa Ag.0023 C/C 44321-0;;NLC0880923655;;;;;;;;;;;;;;;;;;;;;;;;;;;;;;;;;;
CONTRATO_ADITIVO;NF-16877;12/03/2024;DataCenter Cloud SA;23456789000112;3500.0;04/04/2024;Ana Beatriz;PAGO;DOC_0881.txt;2026-04-22 01:49:54;True;;Hospedagem Cloud;;;;;;;;;;;;;;;;;;;;;;;;;;;;;;;;;;;;;
FATURA;NF-61989;29/08/2024;Limpeza & Facilities;56789012000178;15000.0;13/09/2024;Maria Silva;PAGO;DOC_0882.txt;2026-04-22 01:50:02;False;;Manutenção Elétrica;Itaú Ag.5678 C/C 12345-6;;;;;;;;;;;;;;;;;;;;;;;;;;;;;;;;;;;;
NOTA_FISCAL;NF-58145;27/10/2024;Consultoria RH Parceiros;34567890000134;4200.0;23/11/2024;Roberto Lima;ESTORNADO;DOC_0883.txt;2026-04-22 01:50:04;True;;;;;;;;;;;;;;;;;;;;;;;;;;;;;;;;;;;;;;;
NOTA_FISCAL;NF-45877;23/03/2023;TechSoft Ltda;12345678000190;8500.0;30/03/2023;Fernanda Costa;ESTORNADO;DOC_0884.txt;2026-04-22 01:50:06;True;;;;;;;;;;;;;;;;;;;;;;;;;;;;;;;;;;;;;;;
NOTA_FISCAL;NF-52628;24/01/2024;TechSoft Ltda;12345678000190;15000.0;14/02/2024;Fernanda Costa;PAGO;DOC_0885.txt;2026-04-22 01:50:14;True;;;;;;;;;;;;;;;;;;;;;;;;;;;;;;;;;;;;;;;
NOTA_FISCAL;NF-18379;15/02/2024;Limpeza & Facilities;56789012000178;3500.0;18/03/2024;Fernanda Costa;ESTORNADO;DOC_0886.txt;2026-04-22 01:50:16;True;;;;;;;;;;;;;;;;;;;;;;;;;;;;;;;;;;;;;;;
NOTA_FISCAL;NF-82708;09/02/2025;Limpeza & Facilities;56789012000178;4200.0;07/03/2025;Fernanda Costa;PAGO;DOC_0887.txt;2026-04-22 01:50:24;True;;;;;;;;;;;;;;;;;;;;;;;;;;;;;;;;;;;;;;;
NOTA_FISCAL;NF-14588;06/02/2023;Consultoria RH Parceiros;34567890000134;8500.0;15/02/2023;Maria Silva;PAGO;DOC_0888.txt;2026-04-22 01:50:26;False;;;;;;;;;;;;;;;;;;;;;;;;;;;;;;;;;;;;;;;
RECIBO;NF-78084;07/01/2024;TechSoft Ltda;12345678000190;15000.0;26/01/2024;Carlos Mendes;PAGO;DOC_0889.txt;2026-04-22 01:50:29;True;;;;;;;;;;;;;;;;;;;;;;;;;;;;;;;;;;;;;;;
NOTA_FISCAL;NF-22977;21/05/2023;Consultoria RH Parceiros;34567890000134;12000.0;12/06/2023;Ana Beatriz;PAGO;DOC_0890.txt;2026-04-22 01:50:36;True;;;;;;;;;;;;;;;;;;;;;;;;;;;;;;;;;;;;;;;
NOTA_FISCAL;NF-87566;06/02/2023;TechSoft Ltda;12345678000190;10000.0;14/02/2023;Carlos Mendes;PAGO;DOC_0891.txt;2026-04-22 01:50:38;True;;;;;;;;;;;;;;;;;;;;;;;;;;;;;;;;;;;;;;;
NOTA_FISCAL;NF-95166;13/01/2025;Consultoria RH Parceiros;34567890000134;4200.0;05/02/2025;Ana Beatriz;CANCELADO;DOC_0892.txt;2026-04-22 01:50:46;True;;;;;;;;;;;;;;;;;;;;;;;;;;;;;;;;;;;;;;;
NOTA_FISCAL;NF-92518;27/03/2023;Marketing Digital Pro;45678901000156;15000.0;05/04/2023;Fernanda Costa;PAGO;DOC_0893.txt;2026-04-22 01:50:48;True;;;;;;;;;;;;;;;;;;;;;;;;;;;;;;;;;;;;;;;
NOTA_FISCAL;NF-59668;28/12/2024;Consultoria RH Parceiros;34567890000134;60000.0;13/01/2025;Carlos Mendes;CANCELADO;DOC_0894.txt;2026-04-22 01:50:51;True;;;;;;;;;;;;;;;;;;;;;;;;;;;;;;;;;;;;;;;
NOTA_FISCAL;NF-93909;21/03/2023;Limpeza & Facilities;56789012000178;42000.0;30/03/2023;Roberto Lima;PENDENTE;DOC_0895.txt;2026-04-22 01:50:58;True;;;;;;;;;;;;;;;;;;;;;;;;;;;;;;;;;;;;;;;
FATURA;NF-39127;06/03/2025;Consultoria RH Parceiros;34567890000134;8500.0;16/03/2025;Maria Silva;CANCELADO;DOC_0896.txt;2026-04-22 01:51:01;True;;Avaliação de Desempenho;Itaú Ag.5678 C/C 12345-6;;;;;;;;;;;;;;;;;;;;;;;;;;;;;;;;;;;;
NOTA_FISCAL;NF-84993;24/06/2023;TechSoft Ltda;12345678000190;10000.0;16/07/2023;Roberto Lima;PENDENTE;DOC_0897.txt;2026-04-22 01:51:08;True;;;;;;;;;;;;;;;;;;;;;;;;;;;;;;;;;;;;;;;
RECIBO;NF-98842;14/09/2024;Limpeza & Facilities;56789012000178;6000.0;18/09/2024;Roberto Lima;PENDENTE;DOC_0898.txt;2026-04-22 01:51:10;True;;;;;;;;;;;;;;;;;;;;;;;;;;;;;;;;;;;;;;;
CONTRATO_ADITIVO;NF-28700;02/05/2024;Limpeza & Facilities;56789012000178;10000.0;22/05/2024;Fernanda Costa;PAGO;DOC_0899.txt;2026-04-22 01:51:13;True;;;;;;;;;;;;;;;;;;;;;;;;;;;;;;;;;;;;;;;
RECIBO;NF-33999;19/02/2023;Limpeza & Facilities;56789012000178;12000.0;26/03/2023;Fernanda Costa;ESTORNADO;DOC_0900.txt;2026-04-22 01:51:20;True;;;;;;;;;;;;;;;;;;;;;;;;;;;;;;;;;;;;;;;
NOTA_FISCAL;NF-50063;27/05/2024;Consultoria RH Parceiros;34567890000134;15000.0;08/06/2024;Carlos Mendes;PAGO;DOC_0901.txt;2026-04-22 01:51:23;True;;;;;;;;;;;;;;;;;;;;;;;;;;;;;;;;;;;;;;;
NOTA_FISCAL;NF-21086;11/10/2024;Consultoria RH Parceiros;34567890000134;8500.0;14/10/2024;Carlos Mendes;PAGO;DOC_0902.txt;2026-04-22 01:51:25;True;;;;;;;;;;;;;;;;;;;;;;;;;;;;;;;;;;;;;;;
NOTA_FISCAL;NF-63145;06/01/2023;Consultoria RH Parceiros;34567890000134;6000.0;25/01/2023;Roberto Lima;PAGO;DOC_0903.txt;2026-04-22 01:51:33;True;;;;;;;;;;;;;;;;;;;;;;;;;;;;;;;;;;;;;;;
NOTA_FISCAL;NF-89609;28/01/2025;Limpeza & Facilities;56789012000178;15000.0;03/02/2025;Ana Beatriz;PAGO;DOC_0904.txt;2026-04-22 01:51:35;True;;;;;;;;;;;;;;;;;;;;;;;;;;;;;;;;;;;;;;;
NOTA_FISCAL;NF-74947;27/06/2023;DataCenter Cloud SA;23456789000112;600000.0;02/07/2023;Ana Beatriz;CANCELADO;DOC_0905.txt;2026-04-22 01:51:42;True;;;;;;;;;;;;;;;;;;;;;;;;;;;;;;;;;;;;;;;
FATURA;NF-73324;26/04/2023;DataCenter Cloud SA;23456789000112;8500.0;07/05/2023;Maria Silva;PAGO;DOC_0906.txt;2026-04-22 01:51:45;False;;CDN e Performance;Bradesco Ag.0001 C/C 99887-7;;;;;;;;;;;;;;;;;;;;;;;;;;;;;;;;;;;;
NOTA_FISCAL;NF-70693;29/12/2022;Consultoria RH Parceiros;34567890000134;15000.0;27/01/2023;Ana Beatriz;PAGO;DOC_0907.txt;2026-04-22 01:51:52;True;;;;;;;;;;;;;;;;;;;;;;;;;;;;;;;;;;;;;;;
NOTA_FISCAL;NF-10675;27/12/2023;Marketing Digital Pro;45678901000156;19500.0;01/01/2024;Ana Beatriz;PAGO;DOC_0908.txt;2026-04-22 01:51:55;True;;;;;;;;;;;;;;;;;;;;;;;;;;;;;;;;;;;;;;;
CONTRATO_ADITIVO;NF-63833;30/12/2023;DataCenter Cloud SA;23456789000112;15000.0;31/12/2023;Carlos Mendes;PAGO;DOC_0909.txt;2026-04-22 01:51:57;True;;;;;;;;;;;;;;;;;;;;;;;;;;;;;;;;;;;;;;;
NOTA_FISCAL;NF-49227;04/06/2023;Marketing Digital Pro;45678901000156;10000.0;04/07/2023;Roberto Lima;PENDENTE;DOC_0910.txt;2026-04-22 01:52:05;True;;;;;;;;;;;;;;;;;;;;;;;;;;;;;;;;;;;;;;;
NOTA_FISCAL;NF-56365;01/07/2024;Marketing Digital Pro;45678901000156;4200.0;29/07/2024;Roberto Lima;PAGO;DOC_0911.txt;2026-04-22 01:52:07;True;;SEO e Analytics;;;;;;;;;;;;;;;;;;;;;;;;;;;;;;;;;;;;;
NOTA_FISCAL;NF-27521;29/12/2023;Marketing Digital Pro;45678901000156;8500.0;01/02/2024;Carlos Mendes;PAGO;DOC_0912.txt;2026-04-22 01:52:15;True;;;;;;;;;;;;;;;;;;;;;;;;;;;;;;;;;;;;;;;
FATURA;NF-74103;28/01/2023;Marketing Digital Pro;45678901000156;85000.0;08/02/2023;Ana Beatriz;CANCELADO;DOC_0913.txt;2026-04-22 01:52:17;True;;;;;;;;;;;;;;;;;;;;;;;;;;;;;;;;;;;;;;;
NOTA_FISCAL;NF-26531;26/11/2023;Marketing Digital Pro;45678901000156;1500000.0;24/12/2023;Maria Silva;PAGO;DOC_0914.txt;2026-04-22 01:52:20;False;;;;;;;;;;;;;;;;;;;;;;;;;;;;;;;;;;;;;;;
NOTA_FISCAL;NF-66928;2025-02-23;Consultoria RH Parceiros;34567890000134;35000.0;2025-03-18;Roberto Lima;PAGO;DOC_0915.txt;2026-04-22 01:52:27;True;;;;;;;;;;;;;;;;;;;;;;;;;;;;;;;;;;;;;;;
RECIBO;NF-42698;09/05/2024;Consultoria RH Parceiros;34567890000134;8500.0;15/05/2024;Carlos Mendes;PAGO;DOC_0916.txt;2026-04-22 01:52:30;True;;Gestão de Benefícios;;;;;;;;;;;;;;;;;;;;;;;;;;;;;;;;;;;;;
RECIBO;NF-34729;13/12/2024;TechSoft Ltda;12345678000190;15000.0;26/12/2024;Roberto Lima;PAGO;DOC_0917.txt;2026-04-22 01:52:32;True;;;;;;;;;;;;;;;;;;;;;;;;;;;;;;;;;;;;;;;
NOTA_FISCAL;NF-65876;22/08/2023;Limpeza & Facilities;56789012000178;15000.0;27/08/2023;Ana Beatriz;PAGO;DOC_0918.txt;2026-04-22 01:52:39;True;;;;;;;;;;;;;;;;;;;;;;;;;;;;;;;;;;;;;;;
NOTA_FISCAL;NF-39068;04/04/2023;Limpeza & Facilities;57789012000178;1500000.0;02/05/2023;Fernanda Costa;PAGO;DOC_0919.txt;2026-04-22 01:52:42;True;;;;;;;;;;;;;;;;;;;;;;;;;;;;;;;;;;;;;;;
NOTA_FISCAL;NF-46773;01/03/2023;Marketing Digital Pro;45678901000156;35000.0;21/03/2023;Maria Silva;PENDENTE;DOC_0920.txt;2026-04-22 01:52:49;False;;;;;;;;;;;;;;;;;;;;;;;;;;;;;;;;;;;;;;;
NOTA_FISCAL;NF-37784;24/11/2023;Marketing Digital Pro;45678901000156;6000.0;23/12/2023;Maria Silva;PENDENTE;DOC_0921.txt;2026-04-22 01:52:52;False;;;;;;;;;;;;;;;;;;;;;;;;;;;;;;;;;;;;;;;
RECIBO;NF-49892;10/09/2024;Marketing Digital Pro;45678901000156;6000.0;17/09/2024;Roberto Lima;PENDENTE;DOC_0922.txt;2026-04-22 01:52:54;True;;;;;;;;;;;;;;;;;;;;;;;;;;;;;;;;;;;;;;;
NOTA_FISCAL;NF-41228;29/11/2024;TechSoft Ltda;12345678000190;12000.0;18/12/2024;Ana Beatriz;PENDENTE;DOC_0923.txt;2026-04-22 01:53:02;True;;;;;;;;;;;;;;;;;;;;;;;;;;;;;;;;;;;;;;;
NOTA_FISCAL;NF-86881;21/08/2024;Consultoria RH Parceiros;34567890000134;4200.0;03/09/2024;Fernanda Costa;PAGO;DOC_0924.txt;2026-04-22 01:53:04;True;;;;;;;;;;;;;;;;;;;;;;;;;;;;;;;;;;;;;;;
NOTA_FISCAL;NF-72154;22/12/2024;DataCenter Cloud SA;23456789000112;4200.0;06/01/2025;Fernanda Costa;PAGO;DOC_0925.txt;2026-04-22 01:53:11;True;;;;;;;;;;;;;;;;;;;;;;;;;;;;;;;;;;;;;;;
NOTA_FISCAL;NF-57973;13/02/2023;DataCenter Cloud SA;23456789000112;15000.0;19/02/2023;Ana Beatriz;PENDENTE;DOC_0926.txt;2026-04-22 01:53:14;True;;;;;;;;;;;;;;;;;;;;;;;;;;;;;;;;;;;;;;;
CONTRATO_ADITIVO;NF-47965;08/03/2023;TechSoft Ltda;12345678000190;3500.0;27/03/2023;Fernanda Costa;PAÑO;DOC_0927.txt;2026-04-22 01:53:16;True;;;;;;;;;;;;;;;;;;;;;;;;;;;;;;;;;;;;;;;
NOTA_FISCAL;NF-31694;23/03/2025;Limpeza & Facilities;56789012000178;15000.0;16/04/2025;Fernanda Costa;PAGO;DOC_0928.txt;2026-04-22 01:53:24;True;;;;;;;;;;;;;;;;;;;;;;;;;;;;;;;;;;;;;;;
CONTRATO_ADITIVO;NF-10471;26/07/2024;Limpeza & Facilities;56789012000178;15000.0;23/08/2024;Ana Beatriz;PAGO;DOC_0929.txt;2026-04-22 01:53:26;True;;;;;;;;;;;;;;;;;;;;;;;;;;;;;;;;;;;;;;;
NOTA_FISCAL;NF-38879;29/08/2024;Limpeza & Facilities;56789012000178;19500.0;21/09/2024;Fernanda Costa;PAGO;DOC_0930.txt;2026-04-22 01:53:29;True;;;;;;;;;;;;;;;;;;;;;;;;;;;;;;;;;;;;;;;
NOTA_FISCAL;NF-27428;25/06/2023;Consultoria RH Parceiros;34567890000134;8500.0;03/07/2023;Maria Silva;PAGO;DOC_0931.txt;2026-04-22 01:53:36;False;;;;;;;;;;;;;;;;;;;;;;;;;;;;;;;;;;;;;;;
NOTA_FISCAL;NF-20911;04/08/2023;TechSoft Ltda;12345678000190;3500.0;22/08/2023;Fernanda Costa;PENDENTE;DOC_0932.txt;2026-04-22 01:53:39;True;;;;;;;;;;;;;;;;;;;;;;;;;;;;;;;;;;;;;;;
RECIBO;NF-38741;06/01/2025;Limpeza & Facilities;56789012000178;100000.0;14/01/2025;Maria Silva;PENDENTE;DOC_0933.txt;2026-04-22 01:53:46;False;;;;;;;;;;;;;;;;;;;;;;;;;;;;;;;;;;;;;;;
NOTA_FISCAL;NF-67958;2023-09-16;Consultoria RH Parceiros;34567890000134;420000.0;2023-09-21;Ana Beatriz;PAGO;DOC_0934.txt;2026-04-22 01:53:48;True;;;;;;;;;;;;;;;;;;;;;;;;;;;;;;;;;;;;;;;
RECIBO;NF-58318;23/07/2023;Consultoria RH Parceiros;34567890000134;15000.0;16/08/2023;Roberto Lima;CANCELADO;DOC_0935.txt;2026-04-22 01:53:56;True;;;;;;;;;;;;;;;;;;;;;;;;;;;;;;;;;;;;;;;
NOTA_FISCAL;NF-33646;19/05/2024;Marketing Digital Pro;45678901000156;6000.0;28/05/2024;Carlos Mendes;ESTORNADO;DOC_0936.txt;2026-04-22 01:53:58;True;;;;;;;;;;;;;;;;;;;;;;;;;;;;;;;;;;;;;;;
NOTA_FISCAL;NF-19443;2023-11-13;Consultoria RH Parceiros;34567890000134;15000.0;2023-11-20;Carlos Mendes;PAGO;DOC_0937.txt;2026-04-22 01:54:01;True;;;;;;;;;;;;;;;;;;;;;;;;;;;;;;;;;;;;;;;
NOTA_FISCAL;NF-60330;22/10/2024;DataCenter Cloud SA;23456789000112;6000.0;04/11/2024;Fernanda Costa;CANCELADO;DOC_0938.txt;2026-04-22 01:54:08;True;;;;;;;;;;;;;;;;;;;;;;;;;;;;;;;;;;;;;;;
NOTA_FISCAL;NF-28695;15/02/2025;TechSoft Ltda;12345678000190;3500.0;19/03/2025;Carlos Mendes;PAGO;DOC_0939.txt;2026-04-22 01:54:11;True;;;;;;;;;;;;;;;;;;;;;;;;;;;;;;;;;;;;;;;
NOTA_FISCAL;NF-83774;22/03/2025;Limpeza & Facilities;56789012000178;12000.0;23/03/2025;Carlos Mendes;ESTORNADO;DOC_0940.txt;2026-04-22 01:54:13;True;;;;;;;;;;;;;;;;;;;;;;;;;;;;;;;;;;;;;;;
RECIBO;NF-12779;05/12/2023;DataCenter Cloud SA;23456789000112;8500.0;22/12/2023;Fernanda Costa;PAGO;DOC_0941.txt;2026-04-22 01:54:21;True;;;;;;;;;;;;;;;;;;;;;;;;;;;;;;;;;;;;;;;
NOTA_FISCAL;NF-39710;11/07/2024;TechSoft Ltda;12345678000190;15000.0;21/07/2024;Maria Silva;PAGO;DOC_0942.txt;2026-04-22 01:54:23;False;;;;;;;;;;;;;;;;;;;;;;;;;;;;;;;;;;;;;;;
NOTA_FISCAL;NF-24435;26/12/2023;Marketing Digital Pro;45678901000156;8500.0;18/01/2024;Maria Silva;PAGO;DOC_0943.txt;2026-04-22 01:54:31;False;;;;;;;;;;;;;;;;;;;;;;;;;;;;;;;;;;;;;;;
RECIBO;NF-89233;28/12/2023;TechSoft Ltda;12345678000190;12000.0;04/01/2024;Ana Beatriz;PAGO;DOC_0944.txt;2026-04-22 01:54:33;True;;;;;;;;;;;;;;;;;;;;;;;;;;;;;;;;;;;;;;;
CONTRATO_ADITIVO;NF-55663;27/06/2024;DataCenter Cloud SA;23456789000112;6000.0;08/07/2024;Carlos Mendes;PAGO;DOC_0945.txt;2026-04-22 01:54:36;True;;;;;;;;;;;;;;;;;;;;;;;;;;;;;;;;;;;;;;;
NOTA_FISCAL;NF-29369;06/11/2024;Consultoria RH Parceiros;34567890000134;420000.0;20/11/2024;Carlos Mendes;PENDENTE;DOC_0946.txt;2026-04-22 01:54:43;True;;;;;;;;;;;;;;;;;;;;;;;;;;;;;;;;;;;;;;;
NOTA_FISCAL;NF-26716;06/03/2023;Marketing Digital Pro;45678901000156;15000.0;14/03/2023;Carlos Mendes;PENDENTE;DOC_0947.txt;2026-04-22 01:54:46;True;;;;;;;;;;;;;;;;;;;;;;;;;;;;;;;;;;;;;;;
FATURA;NF-95715;20/11/2023;Marketing Digital Pro;45678901000156;19500.0;09/12/2023;Fernanda Costa;PAGO;DOC_0948.txt;2026-04-22 01:54:48;True;;;;;;;;;;;;;;;;;;;;;;;;;;;;;;;;;;;;;;;
CONTRATO_ADITIVO;NF-20959;16/07/2024;Marketing Digital Pro;45678901000156;19500.0;01/08/2024;Fernanda Costa;CANCELADO;DOC_0949.txt;2026-04-22 01:54:55;True;;Email Marketing;Banco do Brasil Ag.1234 C/C 56789-0;;;;;;;;;;;;;;;;;;;;;;;;;;;;;;;;;;;;
NOTA_FISCAL;NF-83187;08/02/2025;Consultoria RH Parceiros;34567890000134;12000.0;15/02/2025;Carlos Mendes;PENDENTE;DOC_0950.txt;2026-04-22 01:54:58;True;;;;;;;;;;;;;;;;;;;;;;;;;;;;;;;;;;;;;;;
NOTA_FISCAL;NF-82286;01/03/2023;DataCenter Cloud SA;23456789000112;12000.0;02/04/2023;Ana Beatriz;PAGO;DOC_0951.txt;2026-04-22 01:55:05;True;;;;;;;;;;;;;;;;;;;;;;;;;;;;;;;;;;;;;;;
NOTA_FISCAL;NF-65667;13/08/2023;DataCenter Cloud SA;23456789000112;6000.0;20/08/2023;Carlos Mendes;PAGO;DOC_0952.txt;2026-04-22 01:55:08;True;;;;;;;;;;;;;;;;;;;;;;;;;;;;;;;;;;;;;;;
NOTA_FISCAL;NF-57873;09/11/2024;TechSoft Ltda;12345678000190;19500.0;28/11/2024;Carlos Mendes;PAGO;DOC_0953.txt;2026-04-22 01:55:10;True;;;;;;;;;;;;;;;;;;;;;;;;;;;;;;;;;;;;;;;
NOTA_FISCAL;NF-79133;16/03/2023;TechSoft Ltda;12345678000190;15000.0;21/03/2023;Carlos Mendes;PAGO;DOC_0954.txt;2026-04-22 01:55:18;True;;;;;;;;;;;;;;;;;;;;;;;;;;;;;;;;;;;;;;;
NOTA_FISCAL;NF-17864;24/02/2024;Consultoria RH Parceiros;34567890000134;19500.0;21/03/2024;Ana Beatriz;PAGO;DOC_0955.txt;2026-04-22 01:55:20;True;;;;;;;;;;;;;;;;;;;;;;;;;;;;;;;;;;;;;;;
NOTA_FISCAL;NF-84981;2024-05-30;TechSoft Ltda;12345678000190;1500000.0;2024-06-05;Roberto Lima;PAGO;DOC_0956.txt;2026-04-22 01:55:28;True;;;;;;;;;;;;;;;;;;;;;;;;;;;;;;;;;;;;;;;
NOTA_FISCAL;NF-37769;08/03/2024;Consultoria RH Parceiros;34567890000134;10000.0;08/04/2024;Fernanda Costa;PAGO;DOC_0957.txt;2026-04-22 01:55:30;True;;;;;;;;;;;;;;;;;;;;;;;;;;;;;;;;;;;;;;;
NOTA_FISCAL;NF-59868;12/08/2023;Limpeza & Facilities;56789012000178;4200.0;26/08/2023;Roberto Lima;CANCELADO;DOC_0958.txt;2026-04-22 01:55:33;True;;;;;;;;;;;;;;;;;;;;;;;;;;;;;;;;;;;;;;;
FATURA;NF-89061;23/10/2024;TechSoft Ltda;;10000.0;07/11/2024;Maria Silva;PENDENTE;DOC_0959.txt;2026-04-22 01:55:40;False;24/10/2024;;;;;;;;;;;;;;;;;;;;;;;;;;;;;;;;;;;;;;
NOTA_FISCAL;NF-50516;02/09/2023;Consultoria RH Parceiros;34567890000134;4200.0;13/09/2023;Carlos Mendes;PAGO;DOC_0960.txt;2026-04-22 01:55:43;True;;;;;;;;;;;;;;;;;;;;;;;;;;;;;;;;;;;;;;;
NOTA_FISCAL;NF-83890;15/10/2024;Limpeza & Facilities;56789012000178;8500.0;;Maria Silva;PAGO;DOC_0961.txt;2026-04-22 01:55:50;False;;;;;;;;;;;;;;;;;;;;;;;;;;;;;;;;;;;;;;;14/11/2024
NOTA_FISCAL;NF-75564;19/02/2023;Marketing Digital Pro;45678901000156;10000.0;02/03/2023;Ana Beatriz;CANCELADO;DOC_0962.txt;2026-04-22 01:55:53;True;;;;;;;;;;;;;;;;;;;;;;;;;;;;;;;;;;;;;;;
CONTRATO_ADITIVO;NF-75821;12/01/2025;Consultoria RH Parceiros;34567890000134;4200.0;25/01/2025;Roberto Lima;PAGO;DOC_0963.txt;2026-04-22 01:55:55;True;;;;;;;;;;;;;;;;;;;;;;;;;;;;;;;;;;;;;;;
NOTA_FISCAL;NF-29862;21/08/2024;DataCenter Cloud SA;23456789000112;19500.0;19/09/2024;Maria Silva;PAGO;DOC_0964.txt;2026-04-22 01:56:02;False;;;;;;;;;;;;;;;;;;;;;;;;;;;;;;;;;;;;;;;
NOTA_FISCAL;NF-68652;27/09/2024;Marketing Digital Pro;45678901000156;8500.0;05/10/2024;Carlos Mendes;PENDENTE;DOC_0965.txt;2026-04-22 01:56:05;True;;;;;;;;;;;;;;;;;;;;;;;;;;;;;;;;;;;;;;;
FATURA;NF-90004;21/10/2023;DataCenter Cloud SA;23456789000112;15000.0;06/11/2023;Roberto Lima;PAGO;DOC_0966.txt;2026-04-22 01:56:07;True;;;;;;;;;;;;;;;;;;;;;;;;;;;;;;;;;;;;;;;
NOTA_FISCAL;NF-75393;31/07/2024;TechSoft Ltda;12345678000190;4200.0;24/08/2024;Carlos Mendes;PAGO;DOC_0967.txt;2026-04-22 01:56:15;True;;;;;;;;;;;;;;;;;;;;;;;;;;;;;;;;;;;;;;;
FATURA;NF-56316;21/06/2023;Marketing Digital Pro;45678901000156;6000.0;23/07/2023;Ana Beatriz;PENDENTE;DOC_0968.txt;2026-04-22 01:56:17;True;;Gestão de Mídias Sociais;Caixa Ag.0023 C/C 44321-0;;;;;;;;;;;;;;;;;;;;;;;;;;;;;;;;;;;;
NOTA_FISCAL;NF-26248;2024/12/25;TechSoft Ltda;12345678000190;100000.0;2025/01/22;Ana Beatriz;PAGO;DOC_0969.txt;2026-04-22 01:56:25;True;;;;;;;;;;;;;;;;;;;;;;;;;;;;;;;;;;;;;;;
NOTA_FISCAL;NF-58068;06/01/2024;Marketing Digital Pro;45678901000156;15000.0;05/02/2024;Fernanda Costa;ESTORNADO;DOC_0970.txt;2026-04-22 01:56:27;True;;;;;;;;;;;;;;;;;;;;;;;;;;;;;;;;;;;;;;;
FATURA;NF-91345;18/01/2024;Limpeza & Facilities;56789012000178;15000.0;2024-01-21;Roberto Lima;PAGO;DOC_0971.txt;2026-04-22 01:56:29;True;;;;;;;;;;;;;;;;;;;;;;;;;;;;;;;;;;;;;;;
NOTA_FISCAL;NF-30736;13/12/2024;TechSoft Ltda;12345678000190;3500.0;13/01/2025;Maria Silva;CANCELADO;DOC_0972.txt;2026-04-22 01:56:37;True;;;;;;;;;;;;;;;;;;;;;;;;;;;;;;;;;;;;;;;
NOTA_FISCAL;NF-24302;14/08/2023;Marketing Digital Pro;45678901000156;4200.0;30/08/2023;Roberto Lima;ESTORNADO;DOC_0973.txt;2026-04-22 01:56:39;True;;;;;;;;;;;;;;;;;;;;;;;;;;;;;;;;;;;;;;;
NOTA_FISCAL;NF-54882;08/02/2024;DataCenter Cloud SA;23456789000112;8500.0;07/03/2024;Ana Beatriz;PENDENTE;DOC_0974.txt;2026-04-22 01:56:47;True;;;;;;;;;;;;;;;;;;;;;;;;;;;;;;;;;;;;;;;
NOTA_FISCAL;NF-71599;17/12/2024;Marketing Digital Pro;45678901000156;4200.0;13/01/2025;Roberto Lima;PAGO;DOC_0975.txt;2026-04-22 01:56:49;True;;;;;;;;;;;;;;;;;;;;;;;;;;;;;;;;;;;;;;;
FATURA;NF-37973;31/07/2024;DataCenter Cloud SA;23456789000112;15000.0;06/08/2024;Ana Beatriz;ESTORNADO;DOC_0976.txt;2026-04-22 01:56:52;True;;Hospedagem Cloud;Santander Ag.3456 C/C 78901-2;;;;;;;;;;;;;;;;;;;;;;;;;;;;;;;;;;;;
NOTA_FISCAL;NF-19077;15/02/2025;DataCenter Cloud SA;23456789000112;10000.0;09/03/2025;Carlos Mendes;PAGO;DOC_0977.txt;2026-04-22 01:56:59;True;;;;;;;;;;;;;;;;;;;;;;;;;;;;;;;;;;;;;;;
NOTA_FISCAL;NF-34127;28/10/2023;Marketing Digital Pro;45678901000156;19500.0;30/11/2023;Fernanda Costa;PAGO;DOC_0978.txt;2026-04-22 01:57:01;True;;;;;;;;;;;;;;;;;;;;;;;;;;;;;;;;;;;;;;;
NOTA_FISCAL;NF-72324;14/03/2024;TechSoft Ltda;12345678000190;6000.0;25/03/2024;Ana Beatriz;ESTORNADO;DOC_0979.txt;2026-04-22 01:57:09;True;;;;;;;;;;;;;;;;;;;;;;;;;;;;;;;;;;;;;;;
CONTRATO_ADITIVO;NF-20198;25/12/2023;DataCenter Cloud SA;23456789000112;15000.0;29/01/2024;Fernanda Costa;PAGO;DOC_0980.txt;2026-04-22 01:57:11;True;;;;;;;;;;;;;;;;;;;;;;;;;;;;;;;;;;;;;;;
NOTA_FISCAL;NF-75463;23/11/2023;Limpeza & Facilities;56789012000178;12000.0;20/12/2023;Carlos Mendes;PAGO;DOC_0981.txt;2026-04-22 01:57:14;True;;;;;;;;;;;;;;;;;;;;;;;;;;;;;;;;;;;;;;;
CONTRATO_ADITIVO;NF-14782;22/09/2023;TechSoft Ltda;12345678000190;3500.0;14/10/2023;Carlos Mendes;PAGO;DOC_0982.txt;2026-04-22 01:57:21;True;;;;;;;;;;;;;;;;;;;;;;;;;;;;;;;;;;;;;;;
CONTRATO_ADITIVO;NF-99080;13/12/2024;DataCenter Cloud SA;23456789000112;15000.0;01/01/2025;Ana Beatriz;PAGO;DOC_0983.txt;2026-04-22 01:57:23;True;;;;;;;;;;;;;;;;;;;;;;;;;;;;;;;;;;;;;;;
FATURA;NF-64270;06/01/2024;TechSoft Ltda;12345678000190;10000.0;09/01/2024;Maria Silva;ESTORNADO;DOC_0984.txt;2026-04-22 01:57:31;False;;;;;;;;;;;;;;;;;;;;;;;;;;;;;;;;;;;;;;;
FATURA;NF-58905;05/07/2024;Consultoria RH Parceiros;34567890000134;12000.0;23/07/2024;Carlos Mendes;CANCELADO;DOC_0985.txt;2026-04-22 01:57:33;True;;;;;;;;;;;;;;;;;;;;;;;;;;;;;;;;;;;;;;;
NOTA_FISCAL;NF-21484;06/07/2024;Limpeza & Facilities;56789012000178;10000.0;23/07/2024;Ana Beatriz;PAGO;DOC_0986.txt;2026-04-22 01:57:36;True;;;;;;;;;;;;;;;;;;;;;;;;;;;;;;;;;;;;;;;
NOTA_FISCAL;NF-93037;23/10/2024;TechSoft Ltda;12345678000190;15000.0;28/10/2024;Roberto Lima;PAGO;DOC_0987.txt;2026-04-22 01:57:43;True;;;;;;;;;;;;;;;;;;;;;;;;;;;;;;;;;;;;;;;
NOTA_FISCAL;NF-25007;14/11/2024;Limpeza & Facilities;56789012000178;8500.0;24/11/2024;Roberto Lima;CANCELADO;DOC_0988.txt;2026-04-22 01:57:45;True;;;;;;;;;;;;;;;;;;;;;;;;;;;;;;;;;;;;;;;
NOTA_FISCAL;NF-76527;23/12/2023;Marketing Digital Pro;45678901000156;15000.0;21/01/2024;Maria Silva;PAGO;DOC_0989.txt;2026-04-22 01:57:53;False;;;;;;;;;;;;;;;;;;;;;;;;;;;;;;;;;;;;;;;
RECIBO;NF-13440;08/11/2023;Consultoria RH Parceiros;34567890000134;8500.0;08/12/2023;Roberto Lima;PAGO;DOC_0990.txt;2026-04-22 01:57:55;True;;Recrutamento e Seleção;Itaú Ag.5678 C/C 12345-6;;NLC0990260825;;;;;;;;;;;;;;;;;;;;;;;;;;;;;;;;;;
FATURA;NF-90775;06/12/2023;Consultoria RH Parceiros;34567890000134;150000.0;16/12/2023;Fernanda Costa;PAGO;DOC_0991.txt;2026-04-22 01:58:03;True;;;;;;;;;;;;;;;;;;;;;;;;;;;;;;;;;;;;;;;
NOTA_FISCAL;NF-51697;27/03/2025;Marketing Digital Pro;45678901000156;15000.0;30/04/2025;Roberto Lima;CANCELADO;DOC_0992.txt;2026-04-22 01:58:05;True;;;;;;;;;;;;;;;;;;;;;;;;;;;;;;;;;;;;;;;
CONTRATO_ADITIVO;NF-92223;20/08/2023;DataCenter Cloud SA;23456789000112;6000.0;29/08/2023;Maria Silva;CANCELADO;DOC_0993.txt;2026-04-22 01:58:07;True;;;;;;;;;;;;;;;;;;;;;;;;;;;;;;;;;;;;;;;
NOTA_FISCAL;NF-13646;27/11/2023;Limpeza & Facilities;56789012000178;4200.0;04/12/2023;Roberto Lima;PAGO;DOC_0994.txt;2026-04-22 01:58:15;True;;;;;;;;;;;;;;;;;;;;;;;;;;;;;;;;;;;;;;;
NOTA_FISCAL;NF-95527;08/08/2024;Limpeza & Facilities;56789012000178;6000.0;21/08/2024;Ana Beatriz;PAGO;DOC_0995.txt;2026-04-22 01:58:17;True;;;;;;;;;;;;;;;;;;;;;;;;;;;;;;;;;;;;;;;
NOTA_FISCAL;NF-28844;01/07/2024;Consultoria RH Parceiros;34567890000134;15000.0;29/07/2024;Maria Silva;PAGO;DOC_0996.txt;2026-04-22 01:58:25;False;;;;;;;;;;;;;;;;;;;;;;;;;;;;;;;;;;;;;;;
NOTA_FISCAL;NF-33675;20/04/2023;TechSoft Ltda;12345678000190;4200.0;09/05/2023;Carlos Mendes;PAGO;DOC_0997.txt;2026-04-22 01:58:27;True;;;;;;;;;;;;;;;;;;;;;;;;;;;;;;;;;;;;;;;
NOTA_FISCAL;NF-19643;05/01/2024;TechSoft Ltda;12345678000190;15000.0;05/02/2024;Roberto Lima;CANCELADO;DOC_0998.txt;2026-04-22 01:58:29;True;;;;;;;;;;;;;;;;;;;;;;;;;;;;;;;;;;;;;;;
NOTA_FISCAL;NF-11329;01/12/2024;TechSoft Ltda;12345678000190;12000.0;18/12/2024;Carlos Mendes;PAGO;DOC_0999.txt;2026-04-22 01:58:37;True;;;;;;;;;;;;;;;;;;;;;;;;;;;;;;;;;;;;;;;
NOTA_FISCAL;NF-30760;29/04/2023;Limpeza & Facilities;56789012000178;19500.0;12/05/2023;Fernanda Costa;PAGO;DOC_1000.txt;2026-04-22 01:58:39;True;;;;;;;;;;;;;;;;;;;;;;;;;;;;;;;;;;;;;;;
